h3_index,geometry,borough,population,n_cafe,n_restaurant,n_pub,n_fast_food,n_gym,n_bakery,n_supermarket,n_office,n_library,n_university,n_station,nearby_cafe,nearby_restaurant,nearby_pub,nearby_fast_food,nearby_gym,nearby_bakery,n_competitors,n_synergy,n_anchors,n_other,employed_total_perc,age_16_to_34_perc,level4_perc,retired_perc,no_qualifications_perc,antisocial_behaviour_count,property_crime_count,violent_crime_count,total_crime,violent_crime_log1p,property_crime_log1p,antisocial_behaviour_log1p,total_crime_log1p,dist_to_nearest_station,dist_to_nearest_station_log,station_count_800m,bus_stop_count,bus_stop_count_log,degree_centrality,betweenness_centrality,closeness_centrality,clustering_coeff,eigenvector_centrality,pagerank,community_id,node2vec_dim0,node2vec_dim1,node2vec_dim2,has_cafe,has_restaurant,has_pub,has_fast_food,has_gym,has_bakery,has_coffee_shop,shap_drivers_cafe,shap_drivers_restaurant,shap_drivers_pub,shap_drivers_fast_food,shap_drivers_gym,shap_drivers_bakery,predicted_prob_cafe,predicted_cafe,outcome_cafe,predicted_prob_restaurant,predicted_restaurant,outcome_restaurant,predicted_prob_pub,predicted_pub,outcome_pub,predicted_prob_fast_food,predicted_fast_food,outcome_fast_food,predicted_prob_gym,predicted_gym,outcome_gym,predicted_prob_bakery,predicted_bakery,outcome_bakery,outcome,predicted_prob,predicted,actual,expansion_cafe,expansion_restaurant,expansion_pub,expansion_fast_food,expansion_gym,expansion_bakery,rec_tier_cafe,rec_tier_restaurant,rec_tier_pub,rec_tier_fast_food,rec_tier_gym,rec_tier_bakery,deprivation_quintile,demand_index,site_score,latitude,longitude
89195da444fffff,"POLYGON ((-0.1958635068293814 51.60176658130408, -0.197958474760432 51.60078641609757, -0.1975216400506997 51.59904029713594, -0.1949899947433724 51.59827436370495, -0.1928951212620004 51.59925450820489, -0.1933317986386301 51.60100060684097, -0.1958635068293814 51.60176658130408))",Barnet,812.6159057617188,4,5,2,0,0,0,1,1,1,0,0,9,6,2,1,3,0,4,9,0,1,68.96551724137932,34.45187098080913,63.83440217573785,4.13793103448276,12.554723611903864,31,66,87,184,4.477336814478207,4.204692619390966,3.4657359027997265,5.220355825078324,233.66720682993915,5.45816836931941,1,4,1.6094379124341003,0.00035528185693983896,0.0043851881865961916,0.015876926141372566,0.4,0.007865674861121297,5.9213116739668365e-05,21,-2.219004,12.159521,4.810423,1,1,1,0,0,0,1,"[{'feature': 'n_restaurant', 'shap': 1.4927}, {'feature': 'n_supermarket', 'shap': 0.5049}, {'feature': 'n_pub', 'shap': 0.4932}]","[{'feature': 'n_cafe', 'shap': 1.4878}, {'feature': 'n_pub', 'shap': 0.9715}, {'feature': 'n_fast_food', 'shap': -0.3332}]","[{'feature': 'n_restaurant', 'shap': 1.1621}, {'feature': 'n_cafe', 'shap': 0.8017}, {'feature': 'bus_stop_count_log', 'shap': 0.2919}]","[{'feature': 'n_restaurant', 'shap': 1.2222}, {'feature': 'n_cafe', 'shap': 0.9941}, {'feature': 'violent_crime_log1p', 'shap': 0.6284}]","[{'feature': 'n_cafe', 'shap': 0.6169}, {'feature': 'n_restaurant', 'shap': 0.4349}, {'feature': 'n_library', 'shap': 0.3496}]","[{'feature': 'n_restaurant', 'shap': 1.1336}, {'feature': 'n_cafe', 'shap': 0.846}, {'feature': 'n_fast_food', 'shap': -0.3637}]",0.97606987,1,Expansion Opportunity,0.9741926,1,Expansion Opportunity,0.9052978,1,Expansion Opportunity,0.98885196,1,False Positive (Recommendation),0.9193373,1,False Positive (Recommendation),0.92126125,1,False Positive (Recommendation),Expansion Opportunity,0.97606987,1,1,True,True,True,False,False,False,,,,Prime Location,Strong Recommend,Strong Recommend,2.0,0.6383440217573785,503.7285054279504,51.6000204746866,-0.1954267658428762
89194e618b3ffff,"POLYGON ((0.2171071747551195 51.56462529375335, 0.215013958589872 51.56365355653389, 0.2154363347409214 51.561908529565905, 0.2179517704255742 51.56113526097131, 0.2200448906683776 51.56210697816264, 0.2196226711484666 51.56385198397527, 0.2171071747551195 51.56462529375335))",Havering,1007.1807861328125,1,2,3,0,1,0,3,0,0,0,0,0,12,3,7,1,0,1,6,0,3,0.0,0.0,0.0,0.0,0.0,17,120,76,213,4.343805421853684,4.795790545596741,2.8903717578961645,5.365976015021851,663.5181161069049,6.499062140546019,1,2,1.0986122886681098,0.00035528185693983896,0.0024616887458969055,0.011134637095112353,0.4,0.007865674861121297,5.9213116739668365e-05,33,-12.907802,3.6145937,-0.37785196,1,1,1,0,1,0,1,"[{'feature': 'n_restaurant', 'shap': 1.3951}, {'feature': 'n_supermarket', 'shap': 0.6558}, {'feature': 'n_pub', 'shap': 0.544}]","[{'feature': 'n_pub', 'shap': 1.0549}, {'feature': 'n_cafe', 'shap': 0.7565}, {'feature': 'n_supermarket', 'shap': 0.3504}]","[{'feature': 'n_restaurant', 'shap': 0.7369}, {'feature': 'n_cafe', 'shap': 0.3671}, {'feature': 'population', 'shap': 0.2357}]","[{'feature': 'n_restaurant', 'shap': 0.9749}, {'feature': 'violent_crime_log1p', 'shap': 0.5642}, {'feature': 'n_cafe', 'shap': 0.5241}]","[{'feature': 'n_restaurant', 'shap': 0.569}, {'feature': 'property_crime_log1p', 'shap': 0.4853}, {'feature': 'population', 'shap': 0.4354}]","[{'feature': 'n_restaurant', 'shap': 0.7378}, {'feature': 'node2vec_dim0', 'shap': -0.6417}, {'feature': 'n_fast_food', 'shap': -0.3477}]",0.9399875,1,Expansion Opportunity,0.950307,1,Expansion Opportunity,0.8249683,1,Expansion Opportunity,0.986876,1,False Positive (Recommendation),0.86030155,1,Expansion Opportunity,0.7364284,0,True Negative,Expansion Opportunity,0.9399875,1,1,True,True,True,False,True,False,,,,Competitive,,,1.0,0.0,15.0,51.56288027961252,0.217529456835135
89194ad0607ffff,"POLYGON ((-0.0663023971222235 51.475235296328, -0.068392623985029 51.474255739348024, -0.0679611979860582 51.47250837957616, -0.0654397016107212 51.471740597462855, -0.0633495692829604 51.472720133966845, -0.0637808387958896 51.47446747305871, -0.0663023971222235 51.475235296328))",Southwark,1054.8798828125,3,2,3,0,0,0,0,0,0,0,1,15,31,24,29,5,1,3,5,1,0,59.72633979475485,37.17531998166149,45.81064447988455,7.3204104903078635,18.067456058241447,36,61,81,178,4.406719247264253,4.127134385045092,3.6109179126442243,5.187385805840755,96.96946547422085,4.584655853326773,3,7,2.0794415416798357,0.00035528185693983896,0.008110480779482843,0.01867028152388863,0.4,0.007865674861121297,5.9213116739668365e-05,23,-11.772404,4.1305227,1.0790575,1,1,1,0,0,0,1,"[{'feature': 'n_restaurant', 'shap': 1.0417}, {'feature': 'dist_to_nearest_station_log', 'shap': 1.0073}, {'feature': 'n_pub', 'shap': 0.4855}]","[{'feature': 'n_cafe', 'shap': 1.3796}, {'feature': 'n_pub', 'shap': 1.1166}, {'feature': 'bus_stop_count_log', 'shap': 0.4036}]","[{'feature': 'n_restaurant', 'shap': 0.7494}, {'feature': 'n_cafe', 'shap': 0.4825}, {'feature': 'nearby_pub', 'shap': 0.4794}]","[{'feature': 'n_restaurant', 'shap': 1.1185}, {'feature': 'n_cafe', 'shap': 0.9676}, {'feature': 'violent_crime_log1p', 'shap': 0.747}]","[{'feature': 'n_cafe', 'shap': 0.5232}, {'feature': 'n_restaurant', 'shap': 0.3596}, {'feature': 'dist_to_nearest_station_log', 'shap': 0.3032}]","[{'feature': 'n_restaurant', 'shap': 0.6549}, {'feature': 'n_cafe', 'shap': 0.4907}, {'feature': 'n_fast_food', 'shap': -0.292}]",0.9494891,1,Expansion Opportunity,0.964522,1,True Positive,0.9135917,1,True Positive,0.986375,1,False Positive (Recommendation),0.82304215,1,False Positive (Recommendation),0.80027604,0,True Negative,Expansion Opportunity,0.9494891,1,1,True,False,False,False,False,False,,,,Competitive,Viable,,3.0,0.4581064447988455,466.24727280505715,51.47348794907325,-0.06587106461167103
89195da4bc7ffff,"POLYGON ((-0.1765869072744698 51.515200274957365, -0.1786786859453046 51.51421899956777, -0.1782431747267332 51.512471764196334, -0.1757160416719731 51.51170582464655, -0.173624357239943 51.51268707937511, -0.174059711624215 51.51443429431307, -0.1765869072744698 51.515200274957365))",City of Westminster,2402.7294921875,7,12,3,0,1,1,0,0,0,0,0,45,64,27,34,3,8,7,16,0,1,57.834627683873926,50.372970466335325,69.31087964843495,7.720420283234353,7.543082862612463,57,106,84,247,4.442651256490317,4.672828834461906,4.060443010546419,5.5134287461649825,188.82331820876496,5.2460937353669905,5,3,1.3862943611198906,0.00035528185693983896,0.008379575512859963,0.018690347518280966,0.4,0.007865674861121297,5.9213116739668365e-05,9,-5.543087,10.817784,5.9633126,1,1,1,0,1,1,1,"[{'feature': 'n_restaurant', 'shap': 1.2797}, {'feature': 'n_bakery', 'shap': 0.6108}, {'feature': 'n_pub', 'shap': 0.5335}]","[{'feature': 'n_cafe', 'shap': 1.4539}, {'feature': 'n_pub', 'shap': 1.0189}, {'feature': 'n_bakery', 'shap': 0.6364}]","[{'feature': 'n_restaurant', 'shap': 1.2755}, {'feature': 'n_cafe', 'shap': 0.8485}, {'feature': 'nearby_pub', 'shap': 0.5726}]","[{'feature': 'n_restaurant', 'shap': 1.3205}, {'feature': 'n_cafe', 'shap': 1.1377}, {'feature': 'violent_crime_log1p', 'shap': 0.7959}]","[{'feature': 'n_cafe', 'shap': 0.6477}, {'feature': 'n_restaurant', 'shap': 0.4411}, {'feature': 'property_crime_log1p', 'shap': 0.3728}]","[{'feature': 'n_restaurant', 'shap': 1.1525}, {'feature': 'n_cafe', 'shap': 1.0056}, {'feature': 'property_crime_log1p', 'shap': 0.3324}]",0.9835698,1,True Positive,0.99146795,1,True Positive,0.98275155,1,True Positive,0.98516405,1,False Positive (Recommendation),0.93943167,1,Expansion Opportunity,0.94921714,1,True Positive,True Positive,0.9835698,1,1,False,False,False,False,True,False,,,,Competitive,,,2.0,0.6931087964843495,1640.3529466075304,51.513453051968575,-0.17615148953972523
89194ad3277ffff,"POLYGON ((-0.1139517231025057 51.50750087840897, -0.1160431706673759 51.506520844188714, -0.1156098666885679 51.50477374174477, -0.1130852718643172 51.50400669408105, -0.1109939187565237 51.504986707742965, -0.1114270660163114 51.50673378962549, -0.1139517231025057 51.50750087840897))",Lambeth,3542.00927734375,3,5,2,0,1,0,0,0,2,2,0,72,106,61,50,4,6,3,12,0,0,39.41814033086136,62.599344842189666,44.33161990031136,7.244723331431829,6.4661418808195075,30,206,160,396,5.081404364984463,5.332718793265369,3.4339872044851463,5.983936280687191,307.84555077283625,5.732841316251633,8,7,2.0794415416798357,0.00035528185693983896,0.008607348651658233,0.019183666117430533,0.4,0.007865674861121297,5.9213116739668365e-05,20,-9.108496,8.374282,5.3944855,1,1,1,0,1,0,1,"[{'feature': 'n_restaurant', 'shap': 1.3971}, {'feature': 'nearby_cafe', 'shap': 0.4679}, {'feature': 'n_pub', 'shap': 0.4404}]","[{'feature': 'n_cafe', 'shap': 1.2443}, {'feature': 'n_pub', 'shap': 0.964}, {'feature': 'population', 'shap': 0.5319}]","[{'feature': 'n_restaurant', 'shap': 1.1187}, {'feature': 'nearby_pub', 'shap': 0.9127}, {'feature': 'n_cafe', 'shap': 0.5591}]","[{'feature': 'n_restaurant', 'shap': 1.2629}, {'feature': 'n_cafe', 'shap': 1.0245}, {'feature': 'violent_crime_log1p', 'shap': 0.7421}]","[{'feature': 'n_cafe', 'shap': 0.5295}, {'feature': 'property_crime_log1p', 'shap': 0.5088}, {'feature': 'n_restaurant', 'shap': 0.4139}]","[{'feature': 'n_restaurant', 'shap': 1.0092}, {'feature': 'n_cafe', 'shap': 0.4517}, {'feature': 'n_fast_food', 'shap': -0.3163}]",0.98168254,1,True Positive,0.9800658,1,True Positive,0.9802885,1,True Positive,0.9840333,1,False Positive (Recommendation),0.93266684,1,Expansion Opportunity,0.69791484,0,True Negative,True Positive,0.98168254,1,1,False,False,False,False,True,False,,,,Competitive,,,2.0,0.4433161990031136,1585.2300896657964,51.505753788421295,-0.11351851265562318
89194ad1e1bffff,"POLYGON ((-0.1276946182262056 51.44057704775952, -0.1297836308662928 51.4395955279482, -0.1293503628841695 51.437847460358554, -0.1268282386310927 51.437080933167614, -0.1247393201740009 51.43806243240876, -0.1251724317873817 51.439810479409616, -0.1276946182262056 51.44057704775952))",Lambeth,887.4381103515625,2,2,1,0,0,0,1,0,0,0,1,12,9,5,8,5,1,2,3,1,1,69.32126696832583,38.292129325346515,59.775297215677575,7.262443438914029,11.424522178162965,20,95,73,188,4.30406509320417,4.564348191467836,3.044522437723423,5.241747015059643,66.56175642422409,4.213042089591949,1,8,2.1972245773362196,0.00035528185693983896,0.007539127161235414,0.017786569653931505,0.4,0.007865674861121297,5.9213116739668365e-05,17,-10.894157,1.9107529,-4.653533,1,1,1,0,0,0,1,"[{'feature': 'n_restaurant', 'shap': 1.1311}, {'feature': 'dist_to_nearest_station_log', 'shap': 0.9702}, {'feature': 'n_supermarket', 'shap': 0.5277}]","[{'feature': 'n_cafe', 'shap': 1.2022}, {'feature': 'n_pub', 'shap': 0.4559}, {'feature': 'bus_stop_count_log', 'shap': 0.4112}]","[{'feature': 'n_restaurant', 'shap': 0.8269}, {'feature': 'n_cafe', 'shap': 0.5146}, {'feature': 'bus_stop_count_log', 'shap': 0.3019}]","[{'feature': 'n_restaurant', 'shap': 1.0156}, {'feature': 'n_cafe', 'shap': 0.8056}, {'feature': 'violent_crime_log1p', 'shap': 0.5653}]","[{'feature': 'property_crime_log1p', 'shap': 0.3793}, {'feature': 'n_restaurant', 'shap': 0.3489}, {'feature': 'nearby_gym', 'shap': 0.2782}]","[{'feature': 'n_restaurant', 'shap': 0.7047}, {'feature': 'n_cafe', 'shap': 0.485}, {'feature': 'n_fast_food', 'shap': -0.303}]",0.96582663,1,Expansion Opportunity,0.894206,1,Expansion Opportunity,0.9134393,1,Expansion Opportunity,0.9830904,1,False Positive (Recommendation),0.8818362,1,False Positive (Recommendation),0.77506256,0,True Negative,Expansion Opportunity,0.96582663,1,1,True,True,True,False,False,False,,,,Competitive,Viable,,2.0,0.5977529721567758,518.4687680678393,51.438828992622575,-0.12726144355907446
89194ad3453ffff,"POLYGON ((-0.0772326405477188 51.538335590020026, -0.0793251869952715 51.537356909399364, -0.0788929090426888 51.53561036939431, -0.0763682414879976 51.53484253061614, -0.0742757897421699 51.53582119073308, -0.074707910849706 51.5375677101305, -0.0772326405477188 51.538335590020026))",Hackney,2050.716064453125,2,5,5,0,0,1,0,2,0,0,0,25,29,19,14,7,1,2,12,0,1,71.64093767867355,42.03059694443631,65.51125221760591,4.3453401943968,9.897767303824937,34,210,122,366,4.812184355372417,5.351858133476067,3.5553480614894135,5.905361848054571,245.08458418177355,5.505675314970868,2,2,1.0986122886681098,0.00035528185693983896,0.008505568729929877,0.018602857806142535,0.4,0.007865674861121297,5.9213116739668365e-05,13,-8.688916,9.225205,5.8647976,1,1,1,0,0,1,1,"[{'feature': 'n_restaurant', 'shap': 1.3263}, {'feature': 'n_bakery', 'shap': 0.5775}, {'feature': 'n_pub', 'shap': 0.5503}]","[{'feature': 'n_cafe', 'shap': 1.1453}, {'feature': 'n_pub', 'shap': 1.0359}, {'feature': 'n_bakery', 'shap': 0.6414}]","[{'feature': 'n_restaurant', 'shap': 1.0428}, {'feature': 'n_cafe', 'shap': 0.4727}, {'feature': 'nearby_pub', 'shap': 0.3337}]","[{'feature': 'n_restaurant', 'shap': 1.2602}, {'feature': 'n_cafe', 'shap': 0.8367}, {'feature': 'violent_crime_log1p', 'shap': 0.7587}]","[{'feature': 'property_crime_log1p', 'shap': 0.4111}, {'feature': 'n_restaurant', 'shap': 0.3816}, {'feature': 'n_cafe', 'shap': 0.2956}]","[{'feature': 'n_restaurant', 'shap': 1.0282}, {'feature': 'n_cafe', 'shap': 0.5273}, {'feature': 'property_crime_log1p', 'shap': 0.3803}]",0.98168486,1,True Positive,0.982672,1,True Positive,0.9544545,1,True Positive,0.98170704,1,False Positive (Recommendation),0.8778722,1,False Positive (Recommendation),0.8998475,1,Expansion Opportunity,True Positive,0.98168486,1,1,False,False,False,False,False,True,,,,Competitive,Competitive,,2.0,0.6551125221760592,1373.4497732508487,51.53658906250783,-0.07680045626162423
89194ad9eb3ffff,"POLYGON ((-0.3369998530214469 51.427976967356116, -0.3390885541770634 51.42699062366705, -0.3386482098517529 51.425241595265, -0.3361193209105171 51.42447893074205, -0.3340307130807335 51.42546525352495, -0.334470900866655 51.42721426173553, -0.3369998530214469 51.427976967356116))",Richmond upon Thames,842.9334716796875,10,4,2,0,1,3,1,0,0,0,0,13,11,10,6,3,1,10,7,0,4,0.0,0.0,0.0,0.0,0.0,27,73,35,135,3.58351893845611,4.30406509320417,3.332204510175204,4.912654885736052,339.49040795606675,5.830386954726007,1,2,1.0986122886681098,0.00035528185693983896,0.0025495078850549593,0.013175080527638052,0.4,0.007865674861121297,5.9213116739668365e-05,25,1.7785031,9.015158,-10.648292,1,1,1,0,1,1,1,"[{'feature': 'n_restaurant', 'shap': 1.5411}, {'feature': 'n_bakery', 'shap': 0.6687}, {'feature': 'n_supermarket', 'shap': 0.6253}]","[{'feature': 'n_cafe', 'shap': 1.47}, {'feature': 'n_pub', 'shap': 0.9173}, {'feature': 'n_bakery', 'shap': 0.7568}]","[{'feature': 'n_restaurant', 'shap': 1.0752}, {'feature': 'n_cafe', 'shap': 0.7964}, {'feature': 'nearby_pub', 'shap': 0.2336}]","[{'feature': 'n_restaurant', 'shap': 1.168}, {'feature': 'n_cafe', 'shap': 0.9839}, {'feature': 'n_supermarket', 'shap': 0.3966}]","[{'feature': 'n_cafe', 'shap': 0.6404}, {'feature': 'n_restaurant', 'shap': 0.5262}, {'feature': 'property_crime_log1p', 'shap': 0.255}]","[{'feature': 'n_restaurant', 'shap': 1.0424}, {'feature': 'n_cafe', 'shap': 0.9274}, {'feature': 'n_fast_food', 'shap': -0.3743}]",0.9780637,1,Expansion Opportunity,0.98892653,1,Expansion Opportunity,0.9606321,1,Expansion Opportunity,0.9785938,1,False Positive (Recommendation),0.84345806,1,Expansion Opportunity,0.88544506,1,Expansion Opportunity,Expansion Opportunity,0.9780637,1,1,True,True,True,False,True,True,,,,Competitive,,,1.0,0.0,-115.0,51.42622795116793,-0.3365596017329033
89195da6c0bffff,"POLYGON ((-0.1011175716016594 51.58757589714298, -0.1032119450973864 51.58659756393128, -0.1027784734788024 51.58485160808621, -0.1002507855091907 51.58408400597257, -0.09815650678594 51.585062318633646, -0.0985898212602381 51.58680825395756, -0.1011175716016594 51.58757589714298))",Haringey,931.7901000976562,6,4,1,0,0,0,1,0,0,0,0,27,36,8,26,3,10,6,5,0,1,62.90630975143404,33.799554355698696,50.53934133499299,9.942638623326944,19.27979253873205,22,89,73,184,4.30406509320417,4.499809670330265,3.1354942159291497,5.220355825078324,472.10953843384243,6.1593269439934515,3,3,1.3862943611198906,0.00035528185693983896,0.006185160501112395,0.016936521703455047,0.4,0.007865674861121297,5.9213116739668365e-05,21,-4.733779,11.438953,5.8742757,1,1,1,0,0,0,1,"[{'feature': 'n_restaurant', 'shap': 1.4608}, {'feature': 'n_pub', 'shap': 0.5028}, {'feature': 'n_supermarket', 'shap': 0.4721}]","[{'feature': 'n_cafe', 'shap': 1.5266}, {'feature': 'n_supermarket', 'shap': 0.4657}, {'feature': 'n_pub', 'shap': 0.3882}]","[{'feature': 'n_restaurant', 'shap': 0.981}, {'feature': 'n_cafe', 'shap': 0.8343}, {'feature': 'no_qualifications_perc', 'shap': -0.3176}]","[{'feature': 'n_restaurant', 'shap': 1.1609}, {'feature': 'n_cafe', 'shap': 1.0804}, {'feature': 'violent_crime_log1p', 'shap': 0.6407}]","[{'feature': 'n_cafe', 'shap': 0.5885}, {'feature': 'n_restaurant', 'shap': 0.3924}, {'feature': 'property_crime_log1p', 'shap': 0.3771}]","[{'feature': 'n_restaurant', 'shap': 0.9738}, {'feature': 'n_cafe', 'shap': 0.8529}, {'feature': 'n_fast_food', 'shap': -0.3224}]",0.92949647,1,True Positive,0.96263784,1,True Positive,0.90220964,1,Expansion Opportunity,0.97805744,1,False Positive (Recommendation),0.8423505,1,False Positive (Recommendation),0.9132192,1,False Positive (Recommendation),True Positive,0.92949647,1,1,False,False,True,False,False,False,,,,Competitive,Viable,Competitive,3.0,0.5053934133499299,405.9205792140274,51.585829953753986,-0.10068419377159407
89194ad0e5bffff,"POLYGON ((-0.0546654394808829 51.428049397976274, -0.0567539326582317 51.427069263077264, -0.0563232609882025 51.425321306589964, -0.0538042523555582 51.42455350574089, -0.0517158536023227 51.42553362019002, -0.0521463690580475 51.42728155593668, -0.0546654394808829 51.428049397976274))",Lewisham,827.3895874023438,6,2,3,0,0,0,1,0,0,0,1,2,11,5,7,3,2,6,5,1,1,66.1795407098121,36.544953335068676,53.21657055375985,6.993736951983299,11.827813252307967,29,69,75,173,4.330733340286331,4.248495242049359,3.4011973816621555,5.159055299214529,160.24888019853668,5.08294901114657,2,1,0.6931471805599453,0.00035528185693983896,0.00686362821947467,0.01717020122997214,0.4,0.007865674861121297,5.9213116739668365e-05,24,-11.448924,1.9201066,-6.5317163,1,1,1,0,0,0,1,"[{'feature': 'n_restaurant', 'shap': 1.2312}, {'feature': 'dist_to_nearest_station_log', 'shap': 0.7998}, {'feature': 'n_supermarket', 'shap': 0.6503}]","[{'feature': 'n_cafe', 'shap': 1.5299}, {'feature': 'n_pub', 'shap': 1.1271}, {'feature': 'n_fast_food', 'shap': -0.3573}]","[{'feature': 'n_cafe', 'shap': 0.8924}, {'feature': 'n_restaurant', 'shap': 0.8479}, {'feature': 'population', 'shap': 0.263}]","[{'feature': 'n_restaurant', 'shap': 1.1432}, {'feature': 'n_cafe', 'shap': 0.9683}, {'feature': 'violent_crime_log1p', 'shap': 0.6053}]","[{'feature': 'n_cafe', 'shap': 0.615}, {'feature': 'n_restaurant', 'shap': 0.4126}, {'feature': 'dist_to_nearest_station_log', 'shap': 0.2547}]","[{'feature': 'n_cafe', 'shap': 0.9411}, {'feature': 'n_restaurant', 'shap': 0.875}, {'feature': 'n_fast_food', 'shap': -0.3334}]",0.9505579,1,Expansion Opportunity,0.9486075,1,Expansion Opportunity,0.9155944,1,Expansion Opportunity,0.9771113,1,False Positive (Recommendation),0.8605176,1,False Positive (Recommendation),0.8587276,1,False Positive (Recommendation),Expansion Opportunity,0.9505579,1,1,True,True,True,False,False,False,,,,Competitive,Strong Recommend,Strong Recommend,2.0,0.5321657055375986,378.30836353443084,51.42630145402808,-0.054234861170384396
89194e68a13ffff,"POLYGON ((0.0318766388247243 51.540617687809394, 0.0297841078646696 51.53964144807179, 0.030212659376646 51.537895361370026, 0.0327335851210725 51.53712553522161, 0.0348260209497984 51.53810175463247, 0.0343976261649782 51.53984782051708, 0.0318766388247243 51.540617687809394))",Newham,1340.118896484375,2,11,0,0,1,0,2,0,0,0,0,27,68,1,11,1,2,2,12,0,2,50.930521091811414,31.710676868426646,37.09042238654103,7.5682382133995025,23.224568571999114,19,148,63,230,4.1588830833596715,5.003946305945459,2.995732273553991,5.442417710521793,434.77779232265544,6.077132462796895,1,3,1.3862943611198906,0.00035528185693983896,0.007474414493005274,0.016495083085178008,0.4,0.007865674861121297,5.9213116739668365e-05,0,-11.230561,6.3480334,3.7468758,1,1,0,0,1,0,1,"[{'feature': 'n_restaurant', 'shap': 1.4729}, {'feature': 'n_supermarket', 'shap': 0.4795}, {'feature': 'nearby_cafe', 'shap': 0.3494}]","[{'feature': 'n_cafe', 'shap': 1.2956}, {'feature': 'nearby_restaurant', 'shap': 0.5057}, {'feature': 'n_supermarket', 'shap': 0.4292}]","[{'feature': 'n_restaurant', 'shap': 1.079}, {'feature': 'n_cafe', 'shap': 0.5378}, {'feature': 'no_qualifications_perc', 'shap': -0.3779}]","[{'feature': 'n_restaurant', 'shap': 1.1578}, {'feature': 'n_cafe', 'shap': 0.9262}, {'feature': 'n_supermarket', 'shap': 0.519}]","[{'feature': 'property_crime_log1p', 'shap': 0.4989}, {'feature': 'n_cafe', 'shap': 0.4615}, {'feature': 'n_restaurant', 'shap': 0.4202}]","[{'feature': 'n_restaurant', 'shap': 1.1847}, {'feature': 'n_cafe', 'shap': 0.579}, {'feature': 'n_fast_food', 'shap': -0.2975}]",0.90965617,1,True Positive,0.92647916,1,True Positive,0.76116115,1,False Positive (Recommendation),0.976814,1,False Positive (Recommendation),0.84274644,1,Expansion Opportunity,0.77118516,0,True Negative,True Positive,0.90965617,1,1,False,False,False,False,True,False,,,Viable,Competitive,,,3.0,0.3709042238654103,527.0557591879071,51.53887161372579,0.032305096541229816
89194e699bbffff,"POLYGON ((0.0071435953027246 51.536860551735046, 0.0050511785752492 51.535883701229274, 0.0054805503570074 51.53413746688143, 0.0080021821294956 51.53336810381031, 0.010094503833603 51.53434493394972, 0.0096652887881609 51.53609114752519, 0.0071435953027246 51.536860551735046))",Newham,1083.1107177734375,1,4,1,0,0,0,0,1,0,0,0,17,21,5,17,2,0,1,6,0,0,55.54570440641897,35.926350389531684,37.31230859462675,8.04149304016313,21.732645772338934,48,53,98,199,4.59511985013459,3.9889840465642745,3.8918202981106265,5.298317366548036,396.92267827143235,5.986257710710551,5,4,1.6094379124341003,0.00035528185693983896,0.008570754456020513,0.017190092800860868,0.4,0.007865674861121297,5.9213116739668365e-05,0,-10.973218,7.13293,4.4536543,1,1,1,0,0,0,1,"[{'feature': 'n_restaurant', 'shap': 1.4841}, {'feature': 'n_pub', 'shap': 0.4504}, {'feature': 'n_fast_food', 'shap': -0.3223}]","[{'feature': 'n_cafe', 'shap': 0.7053}, {'feature': 'population', 'shap': 0.348}, {'feature': 'n_fast_food', 'shap': -0.3307}]","[{'feature': 'n_restaurant', 'shap': 0.9919}, {'feature': 'n_cafe', 'shap': 0.4294}, {'feature': 'no_qualifications_perc', 'shap': -0.3279}]","[{'feature': 'n_restaurant', 'shap': 1.1584}, {'feature': 'violent_crime_log1p', 'shap': 0.7893}, {'feature': 'n_cafe', 'shap': 0.5287}]","[{'feature': 'n_cafe', 'shap': 0.3644}, {'feature': 'n_restaurant', 'shap': 0.3259}, {'feature': 'n_office', 'shap': 0.2205}]","[{'feature': 'n_restaurant', 'shap': 0.8452}, {'feature': 'n_cafe', 'shap': 0.3701}, {'feature': 'n_fast_food', 'shap': -0.3599}]",0.92748463,1,True Positive,0.8501606,1,True Positive,0.82284766,1,Expansion Opportunity,0.97445995,1,False Positive (Recommendation),0.7148691,1,False Positive (Recommendation),0.7498125,0,True Negative,True Positive,0.92748463,1,1,False,False,True,False,False,False,,,,Competitive,Viable,,3.0,0.3731230859462675,419.13361343710176,51.53511432997758,0.007572873327890114
89194ad118bffff,"POLYGON ((-0.109831336532235 51.462622973893644, -0.1119211395054958 51.461642236517456, -0.1114883168118258 51.459894537492715, -0.1089658476136216 51.45912759644847, -0.1068761389652377 51.46010831328004, -0.107308805190566 51.461855991699075, -0.109831336532235 51.462622973893644))",Lambeth,970.6943969726562,1,4,2,0,1,0,0,0,0,0,0,39,72,25,42,11,7,1,7,0,0,53.46736596736595,38.30443821412596,42.36738191629891,6.759906759906762,17.57093634442831,37,56,80,173,4.394449154672439,4.04305126783455,3.6375861597263857,5.159055299214529,354.6526912000199,5.873954668140969,3,6,1.9459101490553132,0.00035528185693983896,0.00845043905295682,0.018577459136096052,0.4,0.007865674861121297,5.9213116739668365e-05,23,-11.192053,3.9774292,1.0449758,1,1,1,0,1,0,1,"[{'feature': 'n_restaurant', 'shap': 1.4275}, {'feature': 'n_pub', 'shap': 0.4881}, {'feature': 'nearby_cafe', 'shap': 0.4077}]","[{'feature': 'n_pub', 'shap': 0.9808}, {'feature': 'n_cafe', 'shap': 0.7086}, {'feature': 'bus_stop_count_log', 'shap': 0.385}]","[{'feature': 'n_restaurant', 'shap': 1.0019}, {'feature': 'nearby_pub', 'shap': 0.5179}, {'feature': 'n_cafe', 'shap': 0.3342}]","[{'feature': 'n_restaurant', 'shap': 1.1779}, {'feature': 'violent_crime_log1p', 'shap': 0.7384}, {'feature': 'n_cafe', 'shap': 0.565}]","[{'feature': 'nearby_gym', 'shap': 0.4418}, {'feature': 'n_restaurant', 'shap': 0.3527}, {'feature': 'n_cafe', 'shap': 0.2032}]","[{'feature': 'n_restaurant', 'shap': 0.8143}, {'feature': 'n_cafe', 'shap': 0.3651}, {'feature': 'n_fast_food', 'shap': -0.3158}]",0.9313567,1,True Positive,0.93356895,1,True Positive,0.928398,1,True Positive,0.97286046,1,False Positive (Recommendation),0.7578806,1,True Positive,0.84804845,0,True Negative,True Positive,0.9313567,1,1,False,False,False,False,False,False,,,,Competitive,,,3.0,0.42367381916298913,431.25780240551995,51.46087528733819,-0.10939860724000326
89194ad3393ffff,"POLYGON ((-0.0803457445152011 51.50374589247654, -0.0824370265053021 51.50276653095838, -0.0820049035824136 51.5010195060213, -0.0794816553286658 51.50025186323062, -0.0773904679135954 51.501231204245514, -0.0778224341776302 51.502978208552946, -0.0803457445152011 51.50374589247654))",Southwark,1782.6832275390625,1,2,3,0,1,0,0,2,0,0,0,47,75,68,50,6,8,1,8,0,0,62.6086956521739,45.946085788919866,57.01729683923916,8.115942028985511,13.597494590830633,30,116,85,231,4.454347296253507,4.762173934797756,3.4339872044851463,5.44673737166631,484.2290413082192,6.184621029582529,3,7,2.0794415416798357,0.00035528185693983896,0.008638107260603402,0.01905357258345235,0.4,0.007865674861121297,5.9213116739668365e-05,23,-10.597388,7.374762,4.6899405,1,1,1,0,1,0,1,"[{'feature': 'n_restaurant', 'shap': 1.0469}, {'feature': 'n_pub', 'shap': 0.4421}, {'feature': 'nearby_cafe', 'shap': 0.4144}]","[{'feature': 'n_pub', 'shap': 1.0668}, {'feature': 'n_cafe', 'shap': 0.7362}, {'feature': 'population', 'shap': 0.4707}]","[{'feature': 'nearby_pub', 'shap': 0.8823}, {'feature': 'n_restaurant', 'shap': 0.7349}, {'feature': 'population', 'shap': 0.3221}]","[{'feature': 'n_restaurant', 'shap': 1.0497}, {'feature': 'violent_crime_log1p', 'shap': 0.7978}, {'feature': 'n_cafe', 'shap': 0.534}]","[{'feature': 'property_crime_log1p', 'shap': 0.3937}, {'feature': 'n_restaurant', 'shap': 0.3474}, {'feature': 'n_cafe', 'shap': 0.314}]","[{'feature': 'n_restaurant', 'shap': 0.6788}, {'feature': 'n_cafe', 'shap': 0.3735}, {'feature': 'n_fast_food', 'shap': -0.355}]",0.9393518,1,True Positive,0.9642999,1,True Positive,0.9519567,1,True Positive,0.9721878,1,False Positive (Recommendation),0.86204094,1,Expansion Opportunity,0.7632252,0,True Negative,True Positive,0.9393518,1,1,False,False,False,False,True,False,,,,Competitive,,,2.0,0.5701729683923916,1041.4377875492764,51.50199888003514,-0.07991371515086272
89194ad144bffff,"POLYGON ((-0.1390468380851031 51.49573628723131, -0.1411378753822131 51.49475549292605, -0.1407037999877956 51.493008133935405, -0.1381788439805218 51.49224158977078, -0.1360879010041253 51.49322236347889, -0.1365218197146772 51.49496970194734, -0.1390468380851031 51.49573628723131))",City of Westminster,2576.92919921875,4,10,5,0,1,0,0,1,0,0,0,91,105,47,70,8,7,4,17,0,0,51.437103396789844,31.918188294180702,52.206408522556785,12.952594251586385,11.490359153950218,70,91,123,284,4.820281565605037,4.5217885770490405,4.2626798770413155,5.652489180268651,411.62054183540715,6.022528385717309,9,1,0.6931471805599453,0.00035528185693983896,0.00885532319080469,0.019064156156746566,0.4,0.007865674861121297,5.9213116739668365e-05,20,-8.480866,8.701168,5.5483418,1,1,1,0,1,0,1,"[{'feature': 'n_restaurant', 'shap': 1.4427}, {'feature': 'n_pub', 'shap': 0.538}, {'feature': 'nearby_cafe', 'shap': 0.4576}]","[{'feature': 'n_cafe', 'shap': 1.4704}, {'feature': 'n_pub', 'shap': 1.0912}, {'feature': 'nearby_restaurant', 'shap': 0.5773}]","[{'feature': 'n_restaurant', 'shap': 1.245}, {'feature': 'nearby_pub', 'shap': 0.8995}, {'feature': 'n_cafe', 'shap': 0.7053}]","[{'feature': 'n_restaurant', 'shap': 1.4098}, {'feature': 'n_cafe', 'shap': 1.0762}, {'feature': 'violent_crime_log1p', 'shap': 0.7886}]","[{'feature': 'n_cafe', 'shap': 0.5003}, {'feature': 'property_crime_log1p', 'shap': 0.4301}, {'feature': 'n_restaurant', 'shap': 0.4097}]","[{'feature': 'n_restaurant', 'shap': 1.1358}, {'feature': 'n_cafe', 'shap': 0.9247}, {'feature': 'n_fast_food', 'shap': -0.3551}]",0.9640466,1,True Positive,0.98761135,1,True Positive,0.9837668,1,True Positive,0.9718085,1,False Positive (Recommendation),0.8934536,1,True Positive,0.8367676,0,True Negative,True Positive,0.9640466,1,1,False,False,False,False,False,False,,,,Competitive,,,2.0,0.5220640852255678,1370.3221850811917,51.49398894067018,-0.13861285615867944
89194adad73ffff,"POLYGON ((-0.1632862943382785 51.43360674405406, -0.1653750809972331 51.43262431845394, -0.1649406463742783 51.43087602006975, -0.162417581464871 51.4301101678095, -0.1603288888279377 51.431092572782894, -0.1607631670787625 51.43284085064184, -0.1632862943382785 51.43360674405406))",Wandsworth,991.835205078125,2,4,0,0,0,2,2,0,0,0,0,22,81,19,21,3,4,2,4,0,4,64.20047732696894,38.958661554569176,59.13505086763788,12.155926809864718,12.568376202577305,18,76,62,156,4.143134726391533,4.343805421853684,2.9444389791664403,5.056245805348308,472.01380385592535,6.159124571693848,2,3,1.3862943611198906,0.00035528185693983896,0.0068234135621450046,0.01719410115786136,0.4,0.007865674861121297,5.9213116739668365e-05,17,-5.61022,1.2634065,-5.3482366,1,1,0,0,0,1,1,"[{'feature': 'n_restaurant', 'shap': 1.4056}, {'feature': 'n_bakery', 'shap': 0.6358}, {'feature': 'n_supermarket', 'shap': 0.5357}]","[{'feature': 'n_cafe', 'shap': 1.3227}, {'feature': 'n_bakery', 'shap': 0.8702}, {'feature': 'nearby_restaurant', 'shap': 0.498}]","[{'feature': 'n_restaurant', 'shap': 1.0398}, {'feature': 'n_cafe', 'shap': 0.4975}, {'feature': 'nearby_pub', 'shap': 0.2989}]","[{'feature': 'n_restaurant', 'shap': 1.1788}, {'feature': 'n_cafe', 'shap': 0.8734}, {'feature': 'n_supermarket', 'shap': 0.42}]","[{'feature': 'n_cafe', 'shap': 0.4028}, {'feature': 'n_restaurant', 'shap': 0.3766}, {'feature': 'property_crime_log1p', 'shap': 0.3401}]","[{'feature': 'n_restaurant', 'shap': 0.9903}, {'feature': 'n_cafe', 'shap': 0.542}, {'feature': 'n_fast_food', 'shap': -0.3044}]",0.9447536,1,True Positive,0.9574865,1,True Positive,0.9294921,1,False Positive (Recommendation),0.9717497,1,False Positive (Recommendation),0.7689552,1,False Positive (Recommendation),0.8528938,1,True Positive,True Positive,0.9447536,1,1,False,False,False,False,False,False,,,Competitive,Competitive,Viable,,2.0,0.5913505086763788,576.5222530460898,51.431858458082836,-0.16285195296902855
89194ad22a3ffff,"POLYGON ((-0.0131762121558503 51.49621002011794, -0.0152671585483247 51.495232002851516, -0.0148373957611932 51.49348513458704, -0.0123168431196596 51.49271630435361, -0.0102259915369567 51.49369430122707, -0.0106555977864295 51.49544114872554, -0.0131762121558503 51.49621002011794))",Tower Hamlets,849.2978515625,2,1,0,0,1,1,1,0,0,0,0,8,17,3,25,7,0,2,2,0,2,56.89655172413791,43.0041152263374,51.4851485148515,8.12807881773399,18.3168316831683,29,95,74,198,4.31748811353631,4.564348191467836,3.4011973816621555,5.293304824724492,198.70318568382032,5.296832192642155,4,5,1.791759469228055,0.00035528185693983896,0.008068202974315935,0.018052286051881496,0.4,0.007865674861121297,5.9213116739668365e-05,27,-12.014625,4.5214176,1.4961331,1,1,0,0,1,1,1,"[{'feature': 'n_restaurant', 'shap': 0.7936}, {'feature': 'n_bakery', 'shap': 0.6294}, {'feature': 'dist_to_nearest_station_log', 'shap': 0.5288}]","[{'feature': 'n_cafe', 'shap': 1.2631}, {'feature': 'n_bakery', 'shap': 0.7042}, {'feature': 'n_supermarket', 'shap': 0.3658}]","[{'feature': 'n_restaurant', 'shap': 0.6553}, {'feature': 'n_cafe', 'shap': 0.4979}, {'feature': 'bus_stop_count_log', 'shap': 0.2599}]","[{'feature': 'n_cafe', 'shap': 0.7874}, {'feature': 'n_restaurant', 'shap': 0.6656}, {'feature': 'violent_crime_log1p', 'shap': 0.5896}]","[{'feature': 'property_crime_log1p', 'shap': 0.3801}, {'feature': 'dist_to_nearest_station_log', 'shap': 0.3555}, {'feature': 'n_cafe', 'shap': 0.3212}]","[{'feature': 'n_cafe', 'shap': 0.5592}, {'feature': 'n_restaurant', 'shap': 0.4954}, {'feature': 'property_crime_log1p', 'shap': 0.3257}]",0.9452038,1,Expansion Opportunity,0.94743603,1,Expansion Opportunity,0.86391956,1,False Positive (Recommendation),0.9713225,1,False Positive (Recommendation),0.8780948,1,True Positive,0.7870063,0,False Negative,Expansion Opportunity,0.9452038,1,1,True,True,False,False,False,False,,,Strong Recommend,Competitive,,,3.0,0.514851485148515,417.26226021039616,51.494463164427955,-0.012746542979810217
89195da4a7bffff,"POLYGON ((-0.2069228098118426 51.52438869177108, -0.2090149472708414 51.52340691200183, -0.2085783249900286 51.521659687979124, -0.206049722170366 51.52089426409129, -0.2039576788620833 51.52187602314896, -0.2043941442231096 51.52362322680462, -0.2069228098118426 51.52438869177108))",Kensington and Chelsea,819.1690063476562,5,3,0,0,0,0,1,0,1,0,0,45,46,16,29,6,6,5,4,0,1,50.056882821387916,29.058453840756275,40.269497155180424,13.253697383390227,19.17909399669829,46,69,126,241,4.844187086458591,4.248495242049359,3.8501476017100584,5.488937726156687,400.62050980747756,5.995507637311222,2,4,1.6094379124341003,0.00035528185693983896,0.008394333456534767,0.018100197508477318,0.4,0.007865674861121297,5.9213116739668365e-05,9,-3.2297401,11.430566,5.192046,1,1,0,0,0,0,1,"[{'feature': 'n_restaurant', 'shap': 1.46}, {'feature': 'n_supermarket', 'shap': 0.4779}, {'feature': 'nearby_cafe', 'shap': 0.3752}]","[{'feature': 'n_cafe', 'shap': 1.612}, {'feature': 'n_supermarket', 'shap': 0.4604}, {'feature': 'nearby_restaurant', 'shap': 0.4394}]","[{'feature': 'n_restaurant', 'shap': 0.8718}, {'feature': 'n_cafe', 'shap': 0.7139}, {'feature': 'no_qualifications_perc', 'shap': -0.3097}]","[{'feature': 'n_restaurant', 'shap': 1.0914}, {'feature': 'n_cafe', 'shap': 1.0836}, {'feature': 'violent_crime_log1p', 'shap': 0.7961}]","[{'feature': 'n_cafe', 'shap': 0.4731}, {'feature': 'n_restaurant', 'shap': 0.3514}, {'feature': 'n_library', 'shap': 0.2685}]","[{'feature': 'n_restaurant', 'shap': 0.9652}, {'feature': 'n_cafe', 'shap': 0.8638}, {'feature': 'n_fast_food', 'shap': -0.3399}]",0.92644054,1,True Positive,0.9591227,1,True Positive,0.91880983,1,False Positive (Recommendation),0.9709189,1,False Positive (Recommendation),0.85048074,1,False Positive (Recommendation),0.90113366,1,False Positive (Recommendation),True Positive,0.92644054,1,1,False,False,False,False,False,False,,,Competitive,Competitive,Competitive,Competitive,3.0,0.4026949715518042,274.87523970728915,51.52264148009436,-0.20648628100778252
89194adaa23ffff,"POLYGON ((-0.2173321675134568 51.42574916457067, -0.2194207082177547 51.424765411911615, -0.2189844816040351 51.423016801457116, -0.2164598706779305 51.4222519640867, -0.2143714237597394 51.42323569603286, -0.2148074939818864 51.424984286060926, -0.2173321675134568 51.42574916457067))",Merton,621.37451171875,6,11,1,0,0,1,0,0,0,0,0,4,14,7,2,3,0,6,12,0,1,71.76079734219269,35.41236871557605,75.0703634586595,12.956810631229208,3.816665365848739,14,24,29,67,3.4011973816621555,3.2188758248682006,2.70805020110221,4.219507705176107,841.8382778596149,6.736775098387556,0,4,1.6094379124341003,0.00035528185693983896,0.005416131868729533,0.016011059691321678,0.4,0.007865674861121297,5.9213116739668365e-05,10,-1.0890126,3.753185,-7.698473,1,1,1,0,0,1,1,"[{'feature': 'n_restaurant', 'shap': 1.6713}, {'feature': 'n_bakery', 'shap': 0.6769}, {'feature': 'n_pub', 'shap': 0.627}]","[{'feature': 'n_cafe', 'shap': 1.5565}, {'feature': 'n_bakery', 'shap': 0.8053}, {'feature': 'n_pub', 'shap': 0.4262}]","[{'feature': 'n_restaurant', 'shap': 1.2378}, {'feature': 'n_cafe', 'shap': 0.8474}, {'feature': 'n_bakery', 'shap': 0.2574}]","[{'feature': 'n_restaurant', 'shap': 1.3514}, {'feature': 'n_cafe', 'shap': 1.1063}, {'feature': 'bus_stop_count_log', 'shap': 0.4503}]","[{'feature': 'n_cafe', 'shap': 0.5898}, {'feature': 'n_restaurant', 'shap': 0.3953}, {'feature': 'n_pub', 'shap': 0.1873}]","[{'feature': 'n_restaurant', 'shap': 1.3226}, {'feature': 'n_cafe', 'shap': 0.9864}, {'feature': 'n_fast_food', 'shap': -0.2912}]",0.9397062,1,Expansion Opportunity,0.96030366,1,Expansion Opportunity,0.9497942,1,Expansion Opportunity,0.9705166,1,False Positive (Recommendation),0.8091707,1,False Positive (Recommendation),0.9101995,1,Expansion Opportunity,Expansion Opportunity,0.9397062,1,1,True,True,True,False,False,True,,,,Prime Location,Viable,,1.0,0.750703634586595,436.4681043867363,51.42400056646831,-0.21689603406817493
89194e699b7ffff,"POLYGON ((0.014708307069157 51.5345522114157, 0.012615982128883 51.53357548646428, 0.0130450770278892 51.53182924998215, 0.0155663401522171 51.53105975923893, 0.0176585700476416 51.53203646383666, 0.0172296318631616 51.5337826795299, 0.014708307069157 51.5345522114157))",Newham,817.32861328125,3,2,0,0,0,0,0,1,0,0,0,3,12,4,7,4,1,3,3,0,0,56.50754793961649,33.53927822114121,37.407957361001486,10.159118727050172,21.31830821643305,37,57,71,165,4.276666119016055,4.060443010546419,3.6375861597263857,5.111987788356544,212.74980320783726,5.364806187151357,2,2,1.0986122886681098,0.00035528185693983896,0.0082400583547619,0.01705542868779823,0.4,0.007865674861121297,5.9213116739668365e-05,0,-11.252287,6.704763,4.0654836,1,1,0,0,0,0,1,"[{'feature': 'n_restaurant', 'shap': 1.2942}, {'feature': 'dist_to_nearest_station_log', 'shap': 0.4649}, {'feature': 'n_office', 'shap': 0.3903}]","[{'feature': 'n_cafe', 'shap': 1.4544}, {'feature': 'n_fast_food', 'shap': -0.3754}, {'feature': 'population', 'shap': 0.3075}]","[{'feature': 'n_restaurant', 'shap': 0.7557}, {'feature': 'n_cafe', 'shap': 0.575}, {'feature': 'no_qualifications_perc', 'shap': -0.2898}]","[{'feature': 'n_restaurant', 'shap': 1.1354}, {'feature': 'n_cafe', 'shap': 1.0266}, {'feature': 'violent_crime_log1p', 'shap': 0.6646}]","[{'feature': 'n_cafe', 'shap': 0.5109}, {'feature': 'n_restaurant', 'shap': 0.3013}, {'feature': 'n_office', 'shap': 0.2638}]","[{'feature': 'n_restaurant', 'shap': 0.7874}, {'feature': 'n_cafe', 'shap': 0.5773}, {'feature': 'n_fast_food', 'shap': -0.338}]",0.84254223,1,Expansion Opportunity,0.86403453,1,Expansion Opportunity,0.75967115,1,False Positive (Recommendation),0.9701057,1,False Positive (Recommendation),0.77448916,1,False Positive (Recommendation),0.7199239,0,True Negative,Expansion Opportunity,0.84254223,1,1,True,True,False,False,False,False,,,Viable,Competitive,Viable,,3.0,0.37407957361001487,275.74593915551475,51.5328059875331,0.01513730821015471
89195da4877ffff,"POLYGON ((-0.1669978344232864 51.5235998490462, -0.1690899133934368 51.52261893321509, -0.1686546671713948 51.520871849170206, -0.1661274988488983 51.52010570140031, -0.1640355141826554 51.52108659658455, -0.1644706035353641 51.52283366018414, -0.1669978344232864 51.5235998490462))",City of Westminster,2190.7900390625,3,3,3,0,2,1,0,2,0,0,0,49,82,27,45,7,6,3,10,0,1,49.10557699052965,45.29438226429162,52.68126285433349,8.90915468256752,18.001505941852436,84,85,120,289,4.795790545596741,4.454347296253507,4.442651256490317,5.66988092298052,185.10279465908351,5.226299180510645,5,2,1.0986122886681098,0.00035528185693983896,0.008408819213030673,0.01875242935268653,0.4,0.007865674861121297,5.9213116739668365e-05,9,-5.9456253,10.586137,5.976092,1,1,1,0,1,1,1,"[{'feature': 'n_restaurant', 'shap': 1.1966}, {'feature': 'n_bakery', 'shap': 0.5464}, {'feature': 'n_pub', 'shap': 0.4576}]","[{'feature': 'n_cafe', 'shap': 1.3003}, {'feature': 'n_pub', 'shap': 1.0099}, {'feature': 'n_bakery', 'shap': 0.6045}]","[{'feature': 'n_restaurant', 'shap': 0.9121}, {'feature': 'nearby_pub', 'shap': 0.5746}, {'feature': 'n_cafe', 'shap': 0.4715}]","[{'feature': 'n_restaurant', 'shap': 1.1308}, {'feature': 'n_cafe', 'shap': 0.9329}, {'feature': 'violent_crime_log1p', 'shap': 0.7268}]","[{'feature': 'n_cafe', 'shap': 0.521}, {'feature': 'n_restaurant', 'shap': 0.3893}, {'feature': 'dist_to_nearest_station_log', 'shap': 0.3253}]","[{'feature': 'n_restaurant', 'shap': 0.7615}, {'feature': 'n_cafe', 'shap': 0.4449}, {'feature': 'n_fast_food', 'shap': -0.3054}]",0.98616076,1,True Positive,0.9904268,1,True Positive,0.95811564,1,True Positive,0.97010046,1,False Positive (Recommendation),0.90775573,1,True Positive,0.7969788,0,False Negative,True Positive,0.98616076,1,1,False,False,False,False,False,False,,,,Competitive,,,3.0,0.5268126285433349,1159.135859065071,51.52185277739346,-0.16656268172137087
89194ad3143ffff,"POLYGON ((-0.069821549559822 51.49892789399574, -0.0719126461503877 51.49794867871118, -0.0714809205685373 51.496201628476356, -0.0689582550165157 51.49543381417866, -0.0668672530257795 51.49641300897781, -0.0672988219876362 51.49816003855866, -0.069821549559822 51.49892789399574))",Southwark,1534.662109375,2,1,4,0,0,1,0,0,0,0,0,15,19,37,13,4,6,2,5,0,1,66.59943879340584,39.49644172783278,55.507272957117806,7.172921781830934,14.589163594532987,31,126,95,252,4.564348191467836,4.844187086458591,3.4657359027997265,5.53338948872752,355.00456424494905,5.874943551682621,1,3,1.3862943611198906,0.00035528185693983896,0.008552517875627124,0.018953718019067804,0.4,0.007865674861121297,5.9213116739668365e-05,23,-10.991667,6.553293,3.9705133,1,1,1,0,0,1,1,"[{'feature': 'n_restaurant', 'shap': 0.7091}, {'feature': 'n_bakery', 'shap': 0.6494}, {'feature': 'n_pub', 'shap': 0.4658}]","[{'feature': 'n_cafe', 'shap': 1.1451}, {'feature': 'n_pub', 'shap': 1.0279}, {'feature': 'n_bakery', 'shap': 0.6655}]","[{'feature': 'nearby_pub', 'shap': 0.8257}, {'feature': 'n_restaurant', 'shap': 0.6202}, {'feature': 'n_cafe', 'shap': 0.4247}]","[{'feature': 'n_cafe', 'shap': 0.8655}, {'feature': 'violent_crime_log1p', 'shap': 0.7776}, {'feature': 'n_restaurant', 'shap': 0.7117}]","[{'feature': 'property_crime_log1p', 'shap': 0.4152}, {'feature': 'n_cafe', 'shap': 0.31}, {'feature': 'n_restaurant', 'shap': 0.302}]","[{'feature': 'n_cafe', 'shap': 0.515}, {'feature': 'n_restaurant', 'shap': 0.4431}, {'feature': 'property_crime_log1p', 'shap': 0.3766}]",0.92915875,1,Expansion Opportunity,0.9662737,1,Expansion Opportunity,0.9482953,1,True Positive,0.9693142,1,False Positive (Recommendation),0.8305821,1,False Positive (Recommendation),0.8470192,0,False Negative,Expansion Opportunity,0.92915875,1,1,True,True,False,False,False,False,,,,Competitive,Viable,,3.0,0.555072729571178,846.849086020243,51.497180856269615,-0.06938991753383707
89194e69cdbffff,"POLYGON ((-0.0183141954863166 51.58337841297309, -0.0204083432185214 51.582401826883405, -0.0199777469069168 51.5806561310736, -0.0174531598863287 51.5798870420372, -0.0153591072341059 51.580863607711485, -0.0157895465229218 51.58260928283615, -0.0183141954863166 51.58337841297309))",Waltham Forest,1081.697509765625,3,3,0,0,0,0,0,0,0,1,0,29,28,8,35,1,2,3,4,0,0,66.17883108299499,33.278615050189146,52.570729966184324,9.45142101784534,15.616076083168096,37,124,112,273,4.727387818712341,4.8283137373023015,3.6375861597263857,5.6131281063880705,202.60310022477043,5.31617251159762,2,3,1.3862943611198906,0.00035528185693983896,0.005907379853051929,0.0161908305583599,0.4,0.007865674861121297,5.9213116739668365e-05,6,-8.087664,9.634363,5.9797006,1,1,0,0,0,0,1,"[{'feature': 'n_restaurant', 'shap': 1.3429}, {'feature': 'nearby_cafe', 'shap': 0.4271}, {'feature': 'dist_to_nearest_station_log', 'shap': 0.4267}]","[{'feature': 'n_cafe', 'shap': 1.4688}, {'feature': 'population', 'shap': 0.3772}, {'feature': 'n_fast_food', 'shap': -0.368}]","[{'feature': 'n_restaurant', 'shap': 0.9201}, {'feature': 'n_cafe', 'shap': 0.565}, {'feature': 'population', 'shap': 0.2605}]","[{'feature': 'n_restaurant', 'shap': 1.1821}, {'feature': 'n_cafe', 'shap': 1.1121}, {'feature': 'violent_crime_log1p', 'shap': 0.7835}]","[{'feature': 'n_cafe', 'shap': 0.6862}, {'feature': 'n_restaurant', 'shap': 0.5185}, {'feature': 'property_crime_log1p', 'shap': 0.3771}]","[{'feature': 'n_restaurant', 'shap': 0.9066}, {'feature': 'n_cafe', 'shap': 0.6213}, {'feature': 'property_crime_log1p', 'shap': 0.3239}]",0.95428926,1,True Positive,0.9236356,1,True Positive,0.899665,1,False Positive (Recommendation),0.9691808,1,False Positive (Recommendation),0.8650752,1,False Positive (Recommendation),0.78088623,0,True Negative,True Positive,0.95428926,1,1,False,False,False,False,False,False,,,Competitive,Competitive,Strong Recommend,,3.0,0.5257072996618433,543.656276909827,51.58163272971561,-0.017883693043818573
89194ad19abffff,"POLYGON ((-0.0758437299626501 51.40054908554619, -0.0779312390735244 51.399567999322024, -0.0775000491637977 51.39781958785178, -0.0749815062330079 51.39705228332595, -0.0728940913739372 51.39803334907001, -0.0733251251942758 51.399781739818586, -0.0758437299626501 51.40054908554619))",Croydon,865.83447265625,2,0,4,0,0,0,2,0,0,0,0,0,0,2,0,2,0,2,4,0,2,55.35714285714289,28.608961401932714,36.08266084771037,14.642857142857157,16.59319004216602,58,108,188,354,5.241747015059643,4.6913478822291435,4.07753744390572,5.872117789475416,188.12835570144355,5.242425915250216,1,7,2.0794415416798357,0.00035528185693983896,0.005617599475107536,0.01612482757360177,0.4,0.007865674861121297,5.9213116739668365e-05,24,-10.134385,1.9936976,-8.710206,1,0,1,0,0,0,1,"[{'feature': 'dist_to_nearest_station_log', 'shap': 0.6949}, {'feature': 'n_supermarket', 'shap': 0.6605}, {'feature': 'n_pub', 'shap': 0.6543}]","[{'feature': 'n_cafe', 'shap': 1.1494}, {'feature': 'n_pub', 'shap': 1.1364}, {'feature': 'nearby_restaurant', 'shap': -0.5193}]","[{'feature': 'n_cafe', 'shap': 0.6058}, {'feature': 'n_restaurant', 'shap': -0.4907}, {'feature': 'bus_stop_count_log', 'shap': 0.3797}]","[{'feature': 'n_cafe', 'shap': 1.019}, {'feature': 'violent_crime_log1p', 'shap': 0.7192}, {'feature': 'bus_stop_count_log', 'shap': 0.6205}]","[{'feature': 'property_crime_log1p', 'shap': 0.3675}, {'feature': 'n_cafe', 'shap': 0.3469}, {'feature': 'dist_to_nearest_station_log', 'shap': 0.2941}]","[{'feature': 'n_restaurant', 'shap': -0.8878}, {'feature': 'n_cafe', 'shap': 0.8673}, {'feature': 'n_pub', 'shap': 0.3407}]",0.85822994,1,Expansion Opportunity,0.9032235,1,False Positive (Recommendation),0.7859631,1,Expansion Opportunity,0.9685669,1,False Positive (Recommendation),0.73088056,1,False Positive (Recommendation),0.6275652,0,True Negative,Expansion Opportunity,0.85822994,1,1,True,False,True,False,False,False,,Strong Recommend,,Prime Location,Viable,,3.0,0.36082660847710374,302.4161162711163,51.39880068659562,-0.07541263330621652
89194ad11abffff,"POLYGON ((-0.1055783085629135 51.45486514517901, -0.1076678246122329 51.45388436422125, -0.1072352063681228 51.45213657587555, -0.1047132284960105 51.451369589106406, -0.1026238067624652 51.45235034952764, -0.1030562685856493 51.454098117253125, -0.1055783085629135 51.45486514517901))",Lambeth,762.6788940429688,2,2,3,0,1,0,0,0,0,0,0,16,18,9,14,2,6,2,6,0,0,69.76744186046508,31.82074148823628,56.12945405571544,7.155635062611805,11.761793767870838,25,70,43,138,3.784189633918261,4.2626798770413155,3.258096538021482,4.9344739331306915,202.7418691849741,5.316853845484095,1,4,1.6094379124341003,0.00035528185693983896,0.008710370301606297,0.018352512639185692,0.4,0.007865674861121297,5.9213116739668365e-05,23,-11.731888,3.1034389,-0.80398595,1,1,1,0,1,0,1,"[{'feature': 'n_restaurant', 'shap': 1.0843}, {'feature': 'n_pub', 'shap': 0.5385}, {'feature': 'dist_to_nearest_station_log', 'shap': 0.4423}]","[{'feature': 'n_cafe', 'shap': 1.1719}, {'feature': 'n_pub', 'shap': 1.1114}, {'feature': 'n_fast_food', 'shap': -0.3293}]","[{'feature': 'n_restaurant', 'shap': 0.7391}, {'feature': 'n_cafe', 'shap': 0.4199}, {'feature': 'population', 'shap': 0.2618}]","[{'feature': 'n_restaurant', 'shap': 1.1112}, {'feature': 'n_cafe', 'shap': 0.8789}, {'feature': 'bus_stop_count_log', 'shap': 0.4763}]","[{'feature': 'n_restaurant', 'shap': 0.4304}, {'feature': 'n_cafe', 'shap': 0.3832}, {'feature': 'dist_to_nearest_station_log', 'shap': 0.3184}]","[{'feature': 'n_restaurant', 'shap': 0.6943}, {'feature': 'n_cafe', 'shap': 0.5095}, {'feature': 'property_crime_log1p', 'shap': 0.2967}]",0.94122833,1,Expansion Opportunity,0.95201176,1,Expansion Opportunity,0.9165088,1,Expansion Opportunity,0.9682484,1,False Positive (Recommendation),0.80275387,1,Expansion Opportunity,0.78039736,0,True Negative,Expansion Opportunity,0.94122833,1,1,True,True,True,False,True,False,,,,Competitive,,,2.0,0.5612945405571544,428.0874994244868,51.4531173693089,-0.10514578370172194
89194ad0217ffff,"POLYGON ((-0.0762531847144892 51.4588718721788, -0.0783428221889261 51.45789180702369, -0.0779111786370923 51.45614418604498, -0.0753900540195279 51.45537665089388, -0.073300510987572 51.45635669555941, -0.0737319981311226 51.458104295864196, -0.0762531847144892 51.4588718721788))",Southwark,1114.4873046875,6,10,2,0,2,0,1,0,0,0,0,19,13,8,16,5,1,6,14,0,1,74.6982937994174,31.055056299958515,69.82150630278223,9.7378277153558,7.20280287002335,15,76,29,120,3.4011973816621555,4.343805421853684,2.772588722239781,4.795790545596741,555.9526986402748,6.322480314670024,1,3,1.3862943611198906,0.00035528185693983896,0.008759138607649621,0.018377219538679816,0.4,0.007865674861121297,5.9213116739668365e-05,23,-12.105114,3.0524127,-1.1199454,1,1,1,0,1,0,1,"[{'feature': 'n_restaurant', 'shap': 1.4528}, {'feature': 'n_supermarket', 'shap': 0.5375}, {'feature': 'n_pub', 'shap': 0.485}]","[{'feature': 'n_cafe', 'shap': 1.456}, {'feature': 'n_pub', 'shap': 0.9562}, {'feature': 'population', 'shap': 0.3606}]","[{'feature': 'n_restaurant', 'shap': 1.2822}, {'feature': 'n_cafe', 'shap': 0.8403}, {'feature': 'population', 'shap': 0.2935}]","[{'feature': 'n_restaurant', 'shap': 1.2454}, {'feature': 'n_cafe', 'shap': 0.9526}, {'feature': 'n_supermarket', 'shap': 0.4613}]","[{'feature': 'n_cafe', 'shap': 0.5618}, {'feature': 'n_restaurant', 'shap': 0.4075}, {'feature': 'property_crime_log1p', 'shap': 0.3118}]","[{'feature': 'n_restaurant', 'shap': 1.2249}, {'feature': 'n_cafe', 'shap': 0.996}, {'feature': 'property_crime_log1p', 'shap': 0.2941}]",0.97384125,1,True Positive,0.9763889,1,Expansion Opportunity,0.966392,1,Expansion Opportunity,0.9678559,1,False Positive (Recommendation),0.89551646,1,Expansion Opportunity,0.90522903,1,False Positive (Recommendation),True Positive,0.97384125,1,1,False,True,True,False,True,False,,,,Competitive,,Strong Recommend,2.0,0.6982150630278222,758.1518236860906,51.45712426370873,-0.07582163459065465
89195daeedbffff,"POLYGON ((-0.3628473076829678 51.58596084058427, -0.3649418013622288 51.584976724147495, -0.3644993505796296 51.58322976809378, -0.3619625635535978 51.58246694848864, -0.3598681636151908 51.583451043952, -0.3603104569622543 51.585197979992486, -0.3628473076829678 51.58596084058427))",Harrow,452.190673828125,1,6,0,0,0,0,2,0,0,0,1,1,11,2,3,1,1,1,6,1,2,0.0,0.0,0.0,0.0,0.0,21,23,27,71,3.332204510175204,3.1780538303479458,3.091042453358316,4.276666119016055,118.21171700239786,4.780901046800398,1,2,1.0986122886681098,0.00035528185693983896,0.0031182499057942456,0.013034893047810284,0.4,0.007865674861121297,5.9213116739668365e-05,31,3.4597194,13.745374,-2.2651162,1,1,0,0,0,0,1,"[{'feature': 'n_restaurant', 'shap': 1.5923}, {'feature': 'dist_to_nearest_station_log', 'shap': 1.1558}, {'feature': 'n_supermarket', 'shap': 0.6995}]","[{'feature': 'n_cafe', 'shap': 0.9637}, {'feature': 'n_supermarket', 'shap': 0.5126}, {'feature': 'n_fast_food', 'shap': -0.3668}]","[{'feature': 'n_restaurant', 'shap': 1.0594}, {'feature': 'n_cafe', 'shap': 0.4519}, {'feature': 'bus_stop_count_log', 'shap': 0.2266}]","[{'feature': 'n_restaurant', 'shap': 1.2319}, {'feature': 'n_cafe', 'shap': 0.6426}, {'feature': 'n_supermarket', 'shap': 0.5648}]","[{'feature': 'n_restaurant', 'shap': 0.4613}, {'feature': 'n_cafe', 'shap': 0.3778}, {'feature': 'dist_to_nearest_station_log', 'shap': 0.3458}]","[{'feature': 'n_restaurant', 'shap': 1.2339}, {'feature': 'n_fast_food', 'shap': -0.4328}, {'feature': 'n_cafe', 'shap': 0.3713}]",0.8892296,1,Expansion Opportunity,0.86154026,1,Expansion Opportunity,0.81061333,1,False Positive (Recommendation),0.9674608,1,False Positive (Recommendation),0.600085,0,True Negative,0.83904994,0,True Negative,Expansion Opportunity,0.8892296,1,1,True,True,False,False,False,False,,,Viable,Strong Recommend,,,1.0,0.0,18.0,51.584213896685206,-0.36240495038135656
89194ad2347ffff,"POLYGON ((-0.0139202345863081 51.480278184632795, -0.0160105987328679 51.47929986915098, -0.0155809302717773 51.47755278090763, -0.0130610541158376 51.476784028922154, -0.0109707847233356 51.477762324012275, -0.0114002967331481 51.47950939147816, -0.0139202345863081 51.480278184632795))",Greenwich,1233.2689208984375,3,1,5,0,0,0,0,0,1,0,1,43,40,26,22,12,4,3,7,1,0,63.49480968858134,33.23016189526325,56.82719729721581,10.640138408304498,13.21868780110855,23,73,63,159,4.1588830833596715,4.30406509320417,3.1780538303479458,5.075173815233827,141.70730128582457,4.960795688456475,3,4,1.6094379124341003,0.00035528185693983896,0.007662634696570988,0.017952943490876425,0.4,0.007865674861121297,5.9213116739668365e-05,27,-12.301687,3.2523742,-0.8202224,1,1,1,0,0,0,1,"[{'feature': 'dist_to_nearest_station_log', 'shap': 0.7716}, {'feature': 'n_restaurant', 'shap': 0.6946}, {'feature': 'n_pub', 'shap': 0.4791}]","[{'feature': 'n_cafe', 'shap': 1.3747}, {'feature': 'n_pub', 'shap': 1.1224}, {'feature': 'population', 'shap': 0.3478}]","[{'feature': 'n_restaurant', 'shap': 0.5966}, {'feature': 'nearby_pub', 'shap': 0.5229}, {'feature': 'n_cafe', 'shap': 0.475}]","[{'feature': 'n_cafe', 'shap': 0.9755}, {'feature': 'n_restaurant', 'shap': 0.7715}, {'feature': 'violent_crime_log1p', 'shap': 0.4515}]","[{'feature': 'n_cafe', 'shap': 0.5103}, {'feature': 'nearby_gym', 'shap': 0.3767}, {'feature': 'n_restaurant', 'shap': 0.3184}]","[{'feature': 'n_cafe', 'shap': 0.5268}, {'feature': 'n_restaurant', 'shap': 0.4456}, {'feature': 'property_crime_log1p', 'shap': 0.3353}]",0.946109,1,True Positive,0.96408606,1,True Positive,0.9297034,1,True Positive,0.9656749,1,False Positive (Recommendation),0.89740795,1,False Positive (Recommendation),0.79276913,0,True Negative,True Positive,0.946109,1,1,False,False,False,False,False,False,,,,Competitive,Competitive,,2.0,0.5682719729721581,693.8321628841995,51.47853110896599,-0.013490659687432627
89194ada57bffff,"POLYGON ((-0.1977610380610732 51.48769275597376, -0.1998518261121423 51.486710528281534, -0.1994157982969542 51.48496283657559, -0.1968891391389641 51.48419739297507, -0.1947984451535472 51.485179599976426, -0.1952343162608118 51.48692727126779, -0.1977610380610732 51.48769275597376))",Hammersmith and Fulham,1346.9217529296875,3,3,5,0,0,0,0,0,0,0,0,31,55,26,39,8,1,3,8,0,0,61.072664359861584,44.62178415396043,62.8958294282963,10.069204152249128,8.873272008017267,33,81,68,182,4.23410650459726,4.406719247264253,3.5263605246161616,5.209486152841421,187.73818809269613,5.240360806529601,4,4,1.6094379124341003,0.00035528185693983896,0.00860161206293264,0.01817919529577381,0.4,0.007865674861121297,5.9213116739668365e-05,10,-3.604319,11.02974,5.2457466,1,1,1,0,0,0,1,"[{'feature': 'n_restaurant', 'shap': 1.267}, {'feature': 'n_pub', 'shap': 0.527}, {'feature': 'dist_to_nearest_station_log', 'shap': 0.5093}]","[{'feature': 'n_cafe', 'shap': 1.3427}, {'feature': 'n_pub', 'shap': 1.1075}, {'feature': 'nearby_restaurant', 'shap': 0.3556}]","[{'feature': 'n_restaurant', 'shap': 0.9434}, {'feature': 'nearby_pub', 'shap': 0.573}, {'feature': 'n_cafe', 'shap': 0.5191}]","[{'feature': 'n_restaurant', 'shap': 1.1932}, {'feature': 'n_cafe', 'shap': 1.0023}, {'feature': 'violent_crime_log1p', 'shap': 0.5099}]","[{'feature': 'n_cafe', 'shap': 0.5017}, {'feature': 'n_restaurant', 'shap': 0.3888}, {'feature': 'nearby_gym', 'shap': 0.3765}]","[{'feature': 'n_restaurant', 'shap': 0.7531}, {'feature': 'n_cafe', 'shap': 0.5237}, {'feature': 'property_crime_log1p', 'shap': 0.2969}]",0.96278137,1,True Positive,0.9789748,1,True Positive,0.9587354,1,True Positive,0.965442,1,False Positive (Recommendation),0.912368,1,False Positive (Recommendation),0.84517425,0,True Negative,True Positive,0.96278137,1,1,False,False,False,False,False,False,,,,Competitive,Competitive,,2.0,0.628958294282963,842.1576082552748,51.48594507663118,-0.1973251036226768
89194ada437ffff,"POLYGON ((-0.198722303093755 51.50090784080173, -0.2008135751609612 51.4999258257528, -0.2003774135658102 51.498178311115744, -0.1978501366852638 51.49741283192824, -0.1957589587234412 51.49839482628263, -0.196194963537144 51.500142320517654, -0.198722303093755 51.50090784080173))",Kensington and Chelsea,1763.0362548828125,8,13,1,0,1,1,1,0,0,0,0,18,52,14,15,4,7,8,15,0,2,57.03525641025643,27.813930396058748,69.25395927601811,13.68589743589744,6.184316626058704,38,233,61,332,4.127134385045092,5.455321115357702,3.6635616461296463,5.808142489980444,447.1657141723716,6.1051630617258805,1,5,1.791759469228055,0.00035528185693983896,0.008612159051183139,0.01829712958413054,0.4,0.007865674861121297,5.9213116739668365e-05,20,-3.5827367,11.191297,5.306972,1,1,1,0,1,1,1,"[{'feature': 'n_restaurant', 'shap': 1.4168}, {'feature': 'n_bakery', 'shap': 0.5635}, {'feature': 'n_supermarket', 'shap': 0.5058}]","[{'feature': 'n_cafe', 'shap': 1.4385}, {'feature': 'n_bakery', 'shap': 0.685}, {'feature': 'n_supermarket', 'shap': 0.3949}]","[{'feature': 'n_restaurant', 'shap': 1.296}, {'feature': 'n_cafe', 'shap': 0.7966}, {'feature': 'population', 'shap': 0.3306}]","[{'feature': 'n_restaurant', 'shap': 1.1831}, {'feature': 'n_cafe', 'shap': 1.028}, {'feature': 'bus_stop_count_log', 'shap': 0.4376}]","[{'feature': 'n_cafe', 'shap': 0.5994}, {'feature': 'property_crime_log1p', 'shap': 0.4387}, {'feature': 'n_restaurant', 'shap': 0.4132}]","[{'feature': 'n_restaurant', 'shap': 1.2349}, {'feature': 'n_cafe', 'shap': 0.9991}, {'feature': 'property_crime_log1p', 'shap': 0.3354}]",0.9806157,1,True Positive,0.9889254,1,True Positive,0.9737092,1,Expansion Opportunity,0.9650454,1,False Positive (Recommendation),0.91576743,1,Expansion Opportunity,0.9636023,1,True Positive,True Positive,0.9806157,1,1,False,False,True,False,True,False,,,,Competitive,,,2.0,0.6925395927601811,1175.9724099779778,51.49916033852448,-0.19828623491404943
89194ad916fffff,"POLYGON ((-0.3488797678255602 51.43802314859052, -0.3509688422498337 51.437036721225226, -0.350528013482548 51.43528778585957, -0.3479982668988615 51.434525298018045, -0.3459092857865409 51.43551170445655, -0.3463499579462561 51.43726061966195, -0.3488797678255602 51.43802314859052))",Richmond upon Thames,567.8687133789062,1,2,1,0,0,0,1,0,0,0,0,5,5,5,1,0,2,1,3,0,1,0.0,0.0,0.0,0.0,0.0,14,29,11,54,2.4849066497880004,3.4011973816621555,2.70805020110221,4.007333185232471,266.9649082137819,5.590856032436718,2,4,1.6094379124341003,0.00035528185693983896,0.003329087786577266,0.013122107292004298,0.4,0.007865674861121297,5.9213116739668365e-05,28,2.142346,9.330618,-10.147293,1,1,1,0,0,0,1,"[{'feature': 'n_restaurant', 'shap': 1.4371}, {'feature': 'n_supermarket', 'shap': 0.6261}, {'feature': 'n_pub', 'shap': 0.5434}]","[{'feature': 'n_cafe', 'shap': 0.8022}, {'feature': 'n_pub', 'shap': 0.4977}, {'feature': 'n_supermarket', 'shap': 0.3698}]","[{'feature': 'n_restaurant', 'shap': 0.7533}, {'feature': 'n_cafe', 'shap': 0.4224}, {'feature': 'bus_stop_count_log', 'shap': 0.2547}]","[{'feature': 'n_restaurant', 'shap': 1.0164}, {'feature': 'n_cafe', 'shap': 0.5312}, {'feature': 'bus_stop_count_log', 'shap': 0.5056}]","[{'feature': 'n_restaurant', 'shap': 0.4703}, {'feature': 'n_cafe', 'shap': 0.378}, {'feature': 'nearby_gym', 'shap': -0.3648}]","[{'feature': 'n_restaurant', 'shap': 0.9232}, {'feature': 'n_fast_food', 'shap': -0.4218}, {'feature': 'n_cafe', 'shap': 0.3327}]",0.92160475,1,Expansion Opportunity,0.91836756,1,Expansion Opportunity,0.8613903,1,Expansion Opportunity,0.9647796,1,False Positive (Recommendation),0.6633509,0,True Negative,0.7413596,0,True Negative,Expansion Opportunity,0.92160475,1,1,True,True,True,False,False,False,,,,Prime Location,,,1.0,0.0,0.0,51.436274225423226,-0.3484390321112238
89194ad9c4fffff,"POLYGON ((-0.3323821943463874 51.42820049999826, -0.334470900866655 51.42721426173553, -0.3340307130807335 51.42546525352495, -0.3315019753102821 51.424702503776004, -0.3294133621346858 51.42568872113998, -0.3298533933851749 51.42743770915024, -0.3323821943463874 51.42820049999826))",Richmond upon Thames,797.7568359375,6,5,3,0,0,1,0,0,0,0,0,17,11,9,6,5,3,6,8,0,1,64.2809364548495,21.3132999443517,67.1562082777036,18.3946488294314,5.674232309746331,15,24,28,67,3.367295829986474,3.2188758248682006,2.772588722239781,4.219507705176107,225.1499413001883,5.421198236362414,1,3,1.3862943611198906,0.00035528185693983896,0.0026481319246201996,0.013301415025426484,0.4,0.007865674861121297,5.9213116739668365e-05,25,1.7800131,8.943853,-10.496448,1,1,1,0,0,1,1,"[{'feature': 'n_restaurant', 'shap': 1.4871}, {'feature': 'n_pub', 'shap': 0.6895}, {'feature': 'n_bakery', 'shap': 0.6644}]","[{'feature': 'n_cafe', 'shap': 1.5144}, {'feature': 'n_pub', 'shap': 1.1014}, {'feature': 'n_bakery', 'shap': 0.8141}]","[{'feature': 'n_restaurant', 'shap': 1.0665}, {'feature': 'n_cafe', 'shap': 0.8962}, {'feature': 'population', 'shap': 0.2582}]","[{'feature': 'n_restaurant', 'shap': 1.3241}, {'feature': 'n_cafe', 'shap': 1.0801}, {'feature': 'n_bakery', 'shap': 0.4782}]","[{'feature': 'n_cafe', 'shap': 0.5626}, {'feature': 'n_restaurant', 'shap': 0.4004}, {'feature': 'nearby_gym', 'shap': 0.312}]","[{'feature': 'n_restaurant', 'shap': 1.2294}, {'feature': 'n_cafe', 'shap': 0.9846}, {'feature': 'n_fast_food', 'shap': -0.3556}]",0.96993667,1,Expansion Opportunity,0.9889746,1,Expansion Opportunity,0.95260143,1,Expansion Opportunity,0.96370625,1,False Positive (Recommendation),0.813998,1,False Positive (Recommendation),0.900425,1,True Positive,Expansion Opportunity,0.96993667,1,1,True,True,True,False,False,False,,,,Competitive,Viable,,2.0,0.671562082777036,485.7432422918057,51.426451504006835,-0.3319420996032899
89194ad9103ffff,"POLYGON ((-0.3393148495370251 51.446451885005324, -0.3414042256914598 51.44546581671125, -0.3409636599708931 51.4437170318563, -0.3384338747391544 51.44295433546612, -0.3363445919617022 51.44394038284746, -0.3367850010393051 51.44568914753029, -0.3393148495370251 51.446451885005324))",Richmond upon Thames,678.1215209960938,4,2,0,0,0,1,0,0,0,0,0,14,17,9,5,4,0,4,2,0,1,0.0,0.0,0.0,0.0,0.0,8,31,37,76,3.6375861597263857,3.4657359027997265,2.1972245773362196,4.343805421853684,613.8537505256929,6.421384435503394,1,2,1.0986122886681098,0.00035528185693983896,0.00401053749344355,0.013586810076103871,0.4,0.007865674861121297,5.9213116739668365e-05,28,2.6068332,9.872908,-9.384246,1,1,0,0,0,1,1,"[{'feature': 'n_restaurant', 'shap': 1.3988}, {'feature': 'n_bakery', 'shap': 0.7005}, {'feature': 'n_fast_food', 'shap': -0.312}]","[{'feature': 'n_cafe', 'shap': 1.6438}, {'feature': 'n_bakery', 'shap': 0.8914}, {'feature': 'n_fast_food', 'shap': -0.3555}]","[{'feature': 'n_restaurant', 'shap': 0.7198}, {'feature': 'n_cafe', 'shap': 0.6735}, {'feature': 'nearby_pub', 'shap': 0.231}]","[{'feature': 'n_cafe', 'shap': 1.1464}, {'feature': 'n_restaurant', 'shap': 1.0917}, {'feature': 'n_bakery', 'shap': 0.4885}]","[{'feature': 'n_cafe', 'shap': 0.521}, {'feature': 'n_restaurant', 'shap': 0.4222}, {'feature': 'nearby_gym', 'shap': 0.2962}]","[{'feature': 'n_restaurant', 'shap': 1.0603}, {'feature': 'n_cafe', 'shap': 0.9671}, {'feature': 'n_fast_food', 'shap': -0.4053}]",0.81678355,1,Expansion Opportunity,0.94727445,1,Expansion Opportunity,0.9209835,1,False Positive (Recommendation),0.96324736,1,False Positive (Recommendation),0.7212328,1,False Positive (Recommendation),0.84706205,0,False Negative,Expansion Opportunity,0.81678355,1,1,True,True,False,False,False,False,,,Competitive,Viable,Viable,,1.0,0.0,-50.0,51.444703112358205,-0.3388743769058095
89194ad8bdbffff,"POLYGON ((-0.2635093794355561 51.38637894275394, -0.2655965185276101 51.385393480220756, -0.2651590103325455 51.383644160386595, -0.2626345192753225 51.38288032345236, -0.2605474736608488 51.38386576520408, -0.2609848256263391 51.385615064670105, -0.2635093794355561 51.38637894275394))",Kingston upon Thames,416.7585754394531,1,5,0,0,0,0,0,0,0,0,1,0,6,0,0,3,1,1,5,1,0,0.0,0.0,0.0,0.0,0.0,23,28,49,100,3.912023005428146,3.367295829986474,3.1780538303479458,4.61512051684126,127.59248284770895,4.856648356344713,1,5,1.791759469228055,0.00035528185693983896,0.0020588273849983683,0.013505925986321023,0.4,0.00770515088436372,5.9213116739668365e-05,1,-0.055248804,7.386178,-12.112887,1,1,0,0,0,0,1,"[{'feature': 'n_restaurant', 'shap': 1.6417}, {'feature': 'dist_to_nearest_station_log', 'shap': 1.2857}, {'feature': 'n_fast_food', 'shap': -0.3293}]","[{'feature': 'n_cafe', 'shap': 1.0412}, {'feature': 'bus_stop_count_log', 'shap': 0.4427}, {'feature': 'n_fast_food', 'shap': -0.3673}]","[{'feature': 'n_restaurant', 'shap': 0.9984}, {'feature': 'n_cafe', 'shap': 0.4107}, {'feature': 'bus_stop_count_log', 'shap': 0.2923}]","[{'feature': 'n_restaurant', 'shap': 1.1475}, {'feature': 'n_cafe', 'shap': 0.6455}, {'feature': 'bus_stop_count_log', 'shap': 0.5606}]","[{'feature': 'n_restaurant', 'shap': 0.3744}, {'feature': 'population', 'shap': -0.3284}, {'feature': 'n_cafe', 'shap': 0.3033}]","[{'feature': 'n_restaurant', 'shap': 1.2786}, {'feature': 'n_cafe', 'shap': 0.4645}, {'feature': 'n_fast_food', 'shap': -0.3989}]",0.8694908,1,Expansion Opportunity,0.7582255,1,Expansion Opportunity,0.81210583,1,False Positive (Recommendation),0.9626468,1,False Positive (Recommendation),0.6509376,0,True Negative,0.7092961,0,True Negative,Expansion Opportunity,0.8694908,1,1,True,True,False,False,False,False,,,Viable,Prime Location,,,1.0,0.0,13.0,51.38462963522584,-0.26307196423811957
89194ad1093ffff,"POLYGON ((-0.1242555066671106 51.48316600170336, -0.1263460723286342 51.48218531033192, -0.1259125995451021 51.480437836160384, -0.1233887176981196 51.47967107391997, -0.1212982463732918 51.480651744720205, -0.1217315625591354 51.48239919833064, -0.1242555066671106 51.48316600170336))",Lambeth,2074.1904296875,3,5,1,0,0,0,0,0,0,0,0,20,24,21,12,9,0,3,6,0,0,64.15249936564325,51.29744773659654,62.42680877449438,6.2293834052271,10.566574659000183,53,63,58,174,4.07753744390572,4.1588830833596715,3.9889840465642745,5.1647859739235145,430.3410748163597,6.066899134028492,5,3,1.3862943611198906,0.00035528185693983896,0.008594697656329729,0.018993051169900008,0.4,0.007865674861121297,5.9213116739668365e-05,20,-10.251816,7.4684496,4.7659283,1,1,1,0,0,0,1,"[{'feature': 'n_restaurant', 'shap': 1.4555}, {'feature': 'n_pub', 'shap': 0.5097}, {'feature': 'nearby_cafe', 'shap': 0.355}]","[{'feature': 'n_cafe', 'shap': 1.3329}, {'feature': 'population', 'shap': 0.5178}, {'feature': 'n_fast_food', 'shap': -0.3626}]","[{'feature': 'n_restaurant', 'shap': 1.0803}, {'feature': 'n_cafe', 'shap': 0.5605}, {'feature': 'nearby_pub', 'shap': 0.3768}]","[{'feature': 'n_restaurant', 'shap': 1.2809}, {'feature': 'n_cafe', 'shap': 1.0321}, {'feature': 'n_pub', 'shap': 0.3523}]","[{'feature': 'n_cafe', 'shap': 0.5034}, {'feature': 'nearby_gym', 'shap': 0.4153}, {'feature': 'n_restaurant', 'shap': 0.3808}]","[{'feature': 'n_restaurant', 'shap': 0.9488}, {'feature': 'n_cafe', 'shap': 0.5558}, {'feature': 'n_fast_food', 'shap': -0.2852}]",0.93806744,1,True Positive,0.91966695,1,True Positive,0.9497337,1,True Positive,0.96178335,1,False Positive (Recommendation),0.89792997,1,False Positive (Recommendation),0.7809603,0,True Negative,True Positive,0.93806744,1,1,False,False,False,False,False,False,,,,Competitive,Competitive,,2.0,0.6242680877449438,1279.850893159879,51.48141853998071,-0.12382212733050532
89194e6f447ffff,"POLYGON ((0.1501109998025673 51.543200045247026, 0.1480184954017153 51.54222645337902, 0.148443010436225 51.54048086704585, 0.1509598732743594 51.539708893622915, 0.1530522820809496 51.540682465356646, 0.1526279236432029 51.5424280306462, 0.1501109998025673 51.543200045247026))",Barking and Dagenham,777.1416015625,2,0,0,0,0,0,1,0,0,0,0,4,3,2,19,1,1,2,0,0,1,0.0,0.0,0.0,0.0,0.0,18,194,134,346,4.90527477843843,5.272999558563747,2.9444389791664403,5.849324779946859,339.93557102955276,5.831693518169559,1,3,1.3862943611198906,0.00035528185693983896,0.005066867060529146,0.013147148292150438,0.4,0.007865674861121297,5.9213116739668365e-05,3,-12.6786585,3.294477,-0.8833208,1,0,0,0,0,0,1,"[{'feature': 'n_supermarket', 'shap': 0.7454}, {'feature': 'n_restaurant', 'shap': -0.6485}, {'feature': 'property_crime_log1p', 'shap': 0.4043}]","[{'feature': 'n_cafe', 'shap': 1.3118}, {'feature': 'n_fast_food', 'shap': -0.3992}, {'feature': 'node2vec_dim0', 'shap': -0.3549}]","[{'feature': 'n_cafe', 'shap': 0.5836}, {'feature': 'n_restaurant', 'shap': -0.4834}, {'feature': 'bus_stop_count_log', 'shap': 0.3419}]","[{'feature': 'n_cafe', 'shap': 1.2005}, {'feature': 'violent_crime_log1p', 'shap': 0.8124}, {'feature': 'n_supermarket', 'shap': 0.606}]","[{'feature': 'n_cafe', 'shap': 0.4325}, {'feature': 'property_crime_log1p', 'shap': 0.4207}, {'feature': 'n_restaurant', 'shap': -0.2131}]","[{'feature': 'n_cafe', 'shap': 0.897}, {'feature': 'n_restaurant', 'shap': -0.8847}, {'feature': 'node2vec_dim0', 'shap': -0.5487}]",0.57635033,0,False Negative,0.7468127,1,False Positive (Recommendation),0.65756416,0,True Negative,0.9617486,1,False Positive (Recommendation),0.6221563,0,True Negative,0.36141953,0,True Negative,False Negative,0.57635033,0,1,False,False,False,False,False,False,,Viable,,Competitive,,,1.0,0.0,-30.0,51.54145447166782,0.15053542090380123
89194ac2173ffff,"POLYGON ((-0.0599760434544969 51.3455714010263, -0.0620615374529863 51.3445896942928, -0.0616313036676866 51.34284060099873, -0.0591157316558886 51.342073235233215, -0.0570303317896903 51.34305492152031, -0.0574604098034188 51.34480399401789, -0.0599760434544969 51.3455714010263))",Croydon,473.01214599609375,2,2,0,0,0,0,1,0,0,0,0,0,1,1,3,1,0,2,2,0,1,0.0,0.0,0.0,0.0,0.0,8,40,30,78,3.4339872044851463,3.713572066704308,2.1972245773362196,4.3694478524670215,2345.3463479788884,7.760614651726267,0,2,1.0986122886681098,0.00035528185693983896,0.0021231689421021657,0.013529191244414495,0.4,0.007865674861121297,5.9213116739668365e-05,19,-7.1342607,2.921739,-11.287183,1,1,0,0,0,0,1,"[{'feature': 'n_restaurant', 'shap': 1.5369}, {'feature': 'n_supermarket', 'shap': 0.9311}, {'feature': 'n_fast_food', 'shap': -0.2909}]","[{'feature': 'n_cafe', 'shap': 1.4154}, {'feature': 'n_supermarket', 'shap': 0.3928}, {'feature': 'n_fast_food', 'shap': -0.3636}]","[{'feature': 'n_restaurant', 'shap': 0.7981}, {'feature': 'n_cafe', 'shap': 0.4637}, {'feature': 'bus_stop_count_log', 'shap': 0.2214}]","[{'feature': 'n_restaurant', 'shap': 1.1091}, {'feature': 'n_cafe', 'shap': 1.0107}, {'feature': 'n_supermarket', 'shap': 0.5702}]","[{'feature': 'dist_to_nearest_station_log', 'shap': -0.871}, {'feature': 'n_cafe', 'shap': 0.3847}, {'feature': 'n_restaurant', 'shap': 0.3539}]","[{'feature': 'dist_to_nearest_station_log', 'shap': -1.0226}, {'feature': 'n_restaurant', 'shap': 0.9478}, {'feature': 'n_cafe', 'shap': 0.571}]",0.8773765,1,Expansion Opportunity,0.7981904,1,Expansion Opportunity,0.7594509,1,False Positive (Recommendation),0.9616797,1,False Positive (Recommendation),0.26443595,0,True Negative,0.60780275,0,True Negative,Expansion Opportunity,0.8773765,1,1,True,True,False,False,False,False,,,Viable,Strong Recommend,,,1.0,0.0,-20.0,51.343822320279955,-0.05954590277566573
89195da4443ffff,"POLYGON ((-0.1942052385337161 51.60449273683828, -0.1963003054502154 51.60351265646528, -0.1958635068293814 51.60176658130408, -0.1933317986386301 51.60100060684097, -0.1912368261873338 51.6019806665096, -0.1916734674619388 51.60372672134426, -0.1942052385337161 51.60449273683828))",Barnet,621.182373046875,2,1,1,0,0,0,1,0,0,0,0,10,14,3,4,4,0,2,2,0,1,63.1192660550459,30.648665455718316,55.26712666146561,13.761467889908246,8.549515344116848,19,107,93,219,4.543294782270004,4.68213122712422,2.995732273553991,5.393627546352362,235.14986717199974,5.4644666338689625,1,4,1.6094379124341003,0.00035528185693983896,0.004149762052887684,0.015768163418172554,0.4,0.007865674861121297,5.9213116739668365e-05,21,-1.9263664,12.322168,4.6565094,1,1,1,0,0,0,1,"[{'feature': 'n_restaurant', 'shap': 0.8858}, {'feature': 'n_supermarket', 'shap': 0.6245}, {'feature': 'n_pub', 'shap': 0.4351}]","[{'feature': 'n_cafe', 'shap': 1.242}, {'feature': 'n_pub', 'shap': 0.432}, {'feature': 'n_supermarket', 'shap': 0.4064}]","[{'feature': 'n_restaurant', 'shap': 0.7055}, {'feature': 'n_cafe', 'shap': 0.519}, {'feature': 'bus_stop_count_log', 'shap': 0.2926}]","[{'feature': 'n_cafe', 'shap': 0.8704}, {'feature': 'n_restaurant', 'shap': 0.6473}, {'feature': 'violent_crime_log1p', 'shap': 0.6051}]","[{'feature': 'property_crime_log1p', 'shap': 0.3705}, {'feature': 'n_restaurant', 'shap': 0.333}, {'feature': 'nearby_gym', 'shap': 0.249}]","[{'feature': 'n_restaurant', 'shap': 0.5319}, {'feature': 'n_cafe', 'shap': 0.4726}, {'feature': 'property_crime_log1p', 'shap': 0.3374}]",0.9346974,1,Expansion Opportunity,0.9569288,1,Expansion Opportunity,0.81414896,1,Expansion Opportunity,0.9613823,1,False Positive (Recommendation),0.82009,1,False Positive (Recommendation),0.8616046,1,False Positive (Recommendation),Expansion Opportunity,0.9346974,1,1,True,True,True,False,False,False,,,,Viable,Viable,Strong Recommend,2.0,0.5526712666146562,323.3096489105142,51.602746674022605,-0.19376853364627133
89194e68ad7ffff,"POLYGON ((0.0305910107502466 51.54585575020273, 0.0284982863971529 51.54487957498282, 0.0289269213775963 51.54313355488131, 0.0314481239532212 51.54236373080874, 0.0335407531625057 51.54333988569898, 0.0331122749395419 51.545085884990065, 0.0305910107502466 51.54585575020273))",Newham,1070.217529296875,1,9,0,0,0,1,0,0,0,0,0,25,53,3,9,3,1,1,9,0,1,45.27331189710612,34.06841667484512,30.389116838793413,10.192926045016073,25.211264730556557,38,67,83,188,4.430816798843313,4.219507705176107,3.6635616461296463,5.241747015059643,784.3640511185996,6.666147369666011,1,2,1.0986122886681098,0.00035528185693983896,0.007714583385572756,0.016406519526064412,0.4,0.007865674861121297,5.9213116739668365e-05,0,-10.942734,6.667896,4.0694437,1,1,0,0,0,1,1,"[{'feature': 'n_restaurant', 'shap': 1.4405}, {'feature': 'n_bakery', 'shap': 0.612}, {'feature': 'nearby_cafe', 'shap': 0.3807}]","[{'feature': 'n_bakery', 'shap': 0.9056}, {'feature': 'n_cafe', 'shap': 0.9041}, {'feature': 'nearby_restaurant', 'shap': 0.3861}]","[{'feature': 'n_restaurant', 'shap': 0.9892}, {'feature': 'no_qualifications_perc', 'shap': -0.4567}, {'feature': 'n_cafe', 'shap': 0.4368}]","[{'feature': 'n_restaurant', 'shap': 1.2166}, {'feature': 'violent_crime_log1p', 'shap': 0.7695}, {'feature': 'n_cafe', 'shap': 0.6386}]","[{'feature': 'no_qualifications_perc', 'shap': -0.5521}, {'feature': 'n_restaurant', 'shap': 0.3639}, {'feature': 'n_cafe', 'shap': 0.2537}]","[{'feature': 'n_restaurant', 'shap': 1.1762}, {'feature': 'n_cafe', 'shap': 0.4799}, {'feature': 'n_fast_food', 'shap': -0.3439}]",0.9028786,1,True Positive,0.88742113,1,True Positive,0.7145691,0,True Negative,0.9613157,1,False Positive (Recommendation),0.6175059,0,True Negative,0.856249,1,Expansion Opportunity,True Positive,0.9028786,1,1,False,False,False,False,False,True,,,,Competitive,,,3.0,0.3038911683879341,355.22965540727546,51.54410974271695,0.031019551920805265
89194ac263bffff,"POLYGON ((-0.0936955149214368 51.3784946897311, -0.0957822362425699 51.37751282179707, -0.0953506013013437 51.37576404264556, -0.0928324010296798 51.37499715213138, -0.0907457738189556 51.37597899955959, -0.0911772527698839 51.37772775800639, -0.0936955149214368 51.3784946897311))",Croydon,1239.0859375,9,0,1,0,0,0,0,1,0,0,1,25,21,15,72,6,1,9,2,1,0,0.0,0.0,0.0,0.0,0.0,24,92,102,218,4.634728988229636,4.532599493153256,3.2188758248682006,5.389071729816501,106.86991258473545,4.680925988010959,4,2,1.0986122886681098,0.00035528185693983896,0.004255761751861979,0.015106472683562645,0.4,0.007865674861121297,5.9213116739668365e-05,24,-9.14288,2.281834,-10.004684,1,0,1,0,0,0,1,"[{'feature': 'dist_to_nearest_station_log', 'shap': 1.0893}, {'feature': 'n_restaurant', 'shap': -0.5684}, {'feature': 'nearby_cafe', 'shap': 0.492}]","[{'feature': 'n_cafe', 'shap': 1.5392}, {'feature': 'n_pub', 'shap': 0.3848}, {'feature': 'n_fast_food', 'shap': -0.3798}]","[{'feature': 'n_cafe', 'shap': 0.8186}, {'feature': 'n_restaurant', 'shap': -0.4788}, {'feature': 'population', 'shap': 0.3444}]","[{'feature': 'n_cafe', 'shap': 1.3608}, {'feature': 'violent_crime_log1p', 'shap': 0.8365}, {'feature': 'n_restaurant', 'shap': -0.5708}]","[{'feature': 'n_cafe', 'shap': 0.5294}, {'feature': 'property_crime_log1p', 'shap': 0.3966}, {'feature': 'nearby_gym', 'shap': 0.3506}]","[{'feature': 'n_cafe', 'shap': 1.2192}, {'feature': 'n_restaurant', 'shap': -0.9319}, {'feature': 'n_fast_food', 'shap': -0.3834}]",0.8641919,1,True Positive,0.8912993,1,False Positive (Recommendation),0.8587207,1,True Positive,0.9612943,1,False Positive (Recommendation),0.85438585,1,False Positive (Recommendation),0.5913753,0,True Negative,True Positive,0.8641919,1,1,False,False,False,False,False,False,,Competitive,,Competitive,Competitive,,1.0,0.0,-122.0,51.376745923082645,-0.09326397314738855
89195da69b7ffff,"POLYGON ((-0.0705902181283817 51.54923518761199, -0.0726831585827525 51.548256846204936, -0.0722510260264282 51.546510480971456, -0.0697261099132493 51.54574247775527, -0.067633264222551 51.5467207986676, -0.0680652398817694 51.548467143289415, -0.0705902181283817 51.54923518761199))",Hackney,1654.83984375,3,1,3,0,1,0,0,0,0,0,0,31,39,34,23,5,3,3,5,0,0,72.51010657846376,51.4994383325704,65.91240466181603,1.9478133039323777,6.4332282670913,40,151,145,336,4.983606621708336,5.0238805208462765,3.713572066704308,5.820082930352362,414.059476277509,6.028421826293241,3,4,1.6094379124341003,0.00035528185693983896,0.008173086609808625,0.018237075565400794,0.4,0.007865674861121297,5.9213116739668365e-05,13,-8.222272,9.547673,5.9772816,1,1,1,0,1,0,1,"[{'feature': 'n_restaurant', 'shap': 0.6632}, {'feature': 'n_pub', 'shap': 0.4923}, {'feature': 'nearby_cafe', 'shap': 0.4636}]","[{'feature': 'n_cafe', 'shap': 1.2985}, {'feature': 'n_pub', 'shap': 1.1115}, {'feature': 'population', 'shap': 0.4711}]","[{'feature': 'nearby_pub', 'shap': 0.9086}, {'feature': 'n_restaurant', 'shap': 0.6358}, {'feature': 'n_cafe', 'shap': 0.5343}]","[{'feature': 'n_cafe', 'shap': 1.086}, {'feature': 'violent_crime_log1p', 'shap': 0.7832}, {'feature': 'n_restaurant', 'shap': 0.7413}]","[{'feature': 'n_cafe', 'shap': 0.5246}, {'feature': 'property_crime_log1p', 'shap': 0.4097}, {'feature': 'age_16_to_34_perc', 'shap': 0.3819}]","[{'feature': 'n_cafe', 'shap': 0.5632}, {'feature': 'n_restaurant', 'shap': 0.4002}, {'feature': 'property_crime_log1p', 'shap': 0.3957}]",0.93776846,1,True Positive,0.981515,1,True Positive,0.9573725,1,True Positive,0.96103907,1,False Positive (Recommendation),0.91913474,1,Expansion Opportunity,0.8483078,0,True Negative,True Positive,0.93776846,1,1,False,False,False,False,True,False,,,,Competitive,,,2.0,0.6591240466181603,1070.744734317464,51.547488834876994,-0.0701581792789982
89194ad02dbffff,"POLYGON ((-0.0880672280222892 51.46893191646078, -0.0901572432354332 51.467951769295524, -0.0897251188034415 51.46620423980715, -0.0872031356359696 51.465436878125495, -0.0851132148528038 51.466417004780446, -0.085545182807561 51.46816451362594, -0.0880672280222892 51.46893191646078))",Southwark,676.300048828125,2,1,2,0,0,0,0,0,0,0,1,23,22,8,16,4,3,2,3,1,0,70.50830397584298,32.91107478815755,72.27530922321255,13.387015601409152,7.682697389663644,18,54,118,190,4.77912349311153,4.007333185232471,2.9444389791664403,5.25227342804663,166.78313426554215,5.122672278049137,1,4,1.6094379124341003,0.00035528185693983896,0.008237078426975969,0.0186960383123893,0.4,0.007865674861121297,5.9213116739668365e-05,23,-11.828054,4.168355,1.1036394,1,1,1,0,0,0,1,"[{'feature': 'n_restaurant', 'shap': 0.7509}, {'feature': 'dist_to_nearest_station_log', 'shap': 0.5574}, {'feature': 'n_pub', 'shap': 0.4128}]","[{'feature': 'n_cafe', 'shap': 1.1872}, {'feature': 'n_pub', 'shap': 1.011}, {'feature': 'n_fast_food', 'shap': -0.334}]","[{'feature': 'n_restaurant', 'shap': 0.579}, {'feature': 'n_cafe', 'shap': 0.4677}, {'feature': 'bus_stop_count_log', 'shap': 0.2578}]","[{'feature': 'n_cafe', 'shap': 0.8441}, {'feature': 'n_restaurant', 'shap': 0.7265}, {'feature': 'violent_crime_log1p', 'shap': 0.6865}]","[{'feature': 'nearby_gym', 'shap': 0.2954}, {'feature': 'n_restaurant', 'shap': 0.2893}, {'feature': 'dist_to_nearest_station_log', 'shap': 0.2681}]","[{'feature': 'n_cafe', 'shap': 0.5126}, {'feature': 'n_restaurant', 'shap': 0.4363}, {'feature': 'n_fast_food', 'shap': -0.285}]",0.9223912,1,True Positive,0.9548866,1,True Positive,0.89169025,1,Expansion Opportunity,0.9608857,1,False Positive (Recommendation),0.7539799,1,False Positive (Recommendation),0.86422807,1,False Positive (Recommendation),True Positive,0.9223912,1,1,False,False,True,False,False,False,,,,Competitive,Viable,Strong Recommend,2.0,0.7227530922321255,476.79795156726476,51.467184399465616,-0.08763519703526981
89194e69373ffff,"POLYGON ((-0.0704278437285782 51.58632258690841, -0.0725221454942161 51.58534490654879, -0.0720897373783968 51.58359905075272, -0.0695631845984884 51.58283089589655, -0.067468977720498 51.58380855575556, -0.0679012287351883 51.585554390969904, -0.0704278437285782 51.58632258690841))",Haringey,722.547119140625,1,3,0,0,0,0,1,0,0,0,0,15,13,6,19,2,5,1,3,0,1,54.982780886784354,36.98025607951053,37.68651103721458,7.888506241928541,23.712568170777608,38,163,98,299,4.59511985013459,5.099866427824199,3.6635616461296463,5.703782474656201,330.1451358892714,5.802556756280974,4,3,1.3862943611198906,0.00035528185693983896,0.006742654538038574,0.01677913375631964,0.4,0.007865674861121297,5.9213116739668365e-05,6,-5.7351995,11.004541,6.0762687,1,1,0,0,0,0,1,"[{'feature': 'n_restaurant', 'shap': 1.5242}, {'feature': 'n_supermarket', 'shap': 0.4648}, {'feature': 'n_fast_food', 'shap': -0.2968}]","[{'feature': 'n_cafe', 'shap': 0.8783}, {'feature': 'n_supermarket', 'shap': 0.4809}, {'feature': 'population', 'shap': 0.3227}]","[{'feature': 'n_restaurant', 'shap': 0.849}, {'feature': 'n_cafe', 'shap': 0.4064}, {'feature': 'no_qualifications_perc', 'shap': -0.297}]","[{'feature': 'n_restaurant', 'shap': 0.9967}, {'feature': 'violent_crime_log1p', 'shap': 0.7834}, {'feature': 'n_cafe', 'shap': 0.5791}]","[{'feature': 'n_restaurant', 'shap': 0.4027}, {'feature': 'node2vec_dim2', 'shap': -0.3477}, {'feature': 'no_qualifications_perc', 'shap': -0.3433}]","[{'feature': 'n_restaurant', 'shap': 0.9004}, {'feature': 'n_fast_food', 'shap': -0.4136}, {'feature': 'n_cafe', 'shap': 0.3751}]",0.8830411,1,Expansion Opportunity,0.8384633,1,Expansion Opportunity,0.819701,1,False Positive (Recommendation),0.96051896,1,False Positive (Recommendation),0.58573884,0,True Negative,0.7705768,0,True Negative,Expansion Opportunity,0.8830411,1,1,True,True,False,False,False,False,,,Competitive,Competitive,,,3.0,0.3768651103721458,272.30279980400763,51.584576743604,-0.06999552943221107
89194e6dddbffff,"POLYGON ((0.1466544783423373 51.44244760985273, 0.1445656596712812 51.44147215900678, 0.1449895444573643 51.4397251892804, 0.1475020918646879 51.43895369151723, 0.1495908152914548 51.43992912223886, 0.149167086554688 51.44167607084657, 0.1466544783423373 51.44244760985273))",Bexley,257.6341857910156,4,2,1,0,0,1,0,0,0,0,1,3,7,6,3,1,1,4,3,1,1,0.0,0.0,0.0,0.0,0.0,7,17,16,40,2.833213344056216,2.8903717578961645,2.0794415416798357,3.713572066704308,79.51660024977971,4.388463377448253,1,3,1.3862943611198906,0.00035528185693983896,0.0017463898570442252,0.013177568681005168,0.4,0.007865674861121297,5.9213116739668365e-05,15,-9.936826,2.1898274,-9.58672,1,1,1,0,0,1,1,"[{'feature': 'n_restaurant', 'shap': 1.429}, {'feature': 'dist_to_nearest_station_log', 'shap': 1.28}, {'feature': 'n_bakery', 'shap': 0.7181}]","[{'feature': 'n_cafe', 'shap': 1.6774}, {'feature': 'n_bakery', 'shap': 1.1247}, {'feature': 'n_pub', 'shap': 0.4224}]","[{'feature': 'n_restaurant', 'shap': 0.9971}, {'feature': 'n_cafe', 'shap': 0.7125}, {'feature': 'population', 'shap': -0.3621}]","[{'feature': 'n_restaurant', 'shap': 1.1614}, {'feature': 'n_cafe', 'shap': 1.0888}, {'feature': 'population', 'shap': -0.4763}]","[{'feature': 'n_cafe', 'shap': 0.6314}, {'feature': 'population', 'shap': -0.3837}, {'feature': 'n_restaurant', 'shap': 0.3555}]","[{'feature': 'n_restaurant', 'shap': 1.238}, {'feature': 'n_cafe', 'shap': 0.9521}, {'feature': 'n_fast_food', 'shap': -0.3593}]",0.94778496,1,Expansion Opportunity,0.94249034,1,Expansion Opportunity,0.86470276,1,Expansion Opportunity,0.9601487,1,False Positive (Recommendation),0.64114255,0,True Negative,0.8931622,1,Expansion Opportunity,Expansion Opportunity,0.94778496,1,1,True,True,True,False,False,True,,,,Strong Recommend,,,1.0,0.0,-42.0,51.44070065289478,0.1470782695036681
89194ad3477ffff,"POLYGON ((-0.0700234409939674 51.52806696397976, -0.0721156048856593 51.52708826006951, -0.0716836520318068 51.52534160722336, -0.0691596920667978 51.524573678915964, -0.0670676228707305 51.52555236233584, -0.067499418944461 51.527298994552034, -0.0700234409939674 51.52806696397976))",Tower Hamlets,1916.670166015625,4,5,1,0,0,0,0,0,0,0,0,67,100,68,74,11,11,4,6,0,0,49.84828781967923,38.374451253870916,40.20450676894408,10.273081924577372,24.13810423823184,38,67,64,169,4.174387269895637,4.219507705176107,3.6635616461296463,5.135798437050262,480.49286562875903,6.176891414158022,3,2,1.0986122886681098,0.00035528185693983896,0.008560608185229674,0.018743145930601345,0.4,0.007865674861121297,5.9213116739668365e-05,13,-9.361956,8.350537,5.386896,1,1,1,0,0,0,1,"[{'feature': 'n_restaurant', 'shap': 1.4917}, {'feature': 'n_pub', 'shap': 0.5256}, {'feature': 'nearby_cafe', 'shap': 0.476}]","[{'feature': 'n_cafe', 'shap': 1.5387}, {'feature': 'nearby_restaurant', 'shap': 0.5323}, {'feature': 'population', 'shap': 0.4699}]","[{'feature': 'n_restaurant', 'shap': 1.0061}, {'feature': 'nearby_pub', 'shap': 0.8695}, {'feature': 'n_cafe', 'shap': 0.6992}]","[{'feature': 'n_restaurant', 'shap': 1.2688}, {'feature': 'n_cafe', 'shap': 1.0393}, {'feature': 'violent_crime_log1p', 'shap': 0.5766}]","[{'feature': 'no_qualifications_perc', 'shap': -0.5058}, {'feature': 'nearby_gym', 'shap': 0.447}, {'feature': 'n_cafe', 'shap': 0.394}]","[{'feature': 'n_restaurant', 'shap': 1.0875}, {'feature': 'n_cafe', 'shap': 0.8244}, {'feature': 'n_fast_food', 'shap': -0.3397}]",0.92744476,1,True Positive,0.91289455,1,True Positive,0.9606035,1,True Positive,0.95989525,1,False Positive (Recommendation),0.7242016,1,False Positive (Recommendation),0.8625464,1,False Positive (Recommendation),True Positive,0.92744476,1,1,False,False,False,False,False,False,,,,Competitive,Competitive,Competitive,3.0,0.40204506768944076,740.5877866340836,51.52632032363666,-0.0695915817837161
89195da6ba7ffff,"POLYGON ((-0.1045795384988816 51.54503293586811, -0.1066723534195135 51.54405377237203, -0.1062390861930008 51.54230721940848, -0.1037131609603853 51.5415398504887, -0.1016204406574926 51.54251899343557, -0.1020535509698738 51.54426552585001, -0.1045795384988816 51.54503293586811))",Islington,1435.93798828125,2,3,5,0,0,3,1,1,0,0,0,40,70,36,20,3,4,2,9,0,4,54.69271081467364,33.734161262069286,47.17055686725092,12.625059552167702,18.428442984873673,34,83,56,173,4.04305126783455,4.430816798843313,3.5553480614894135,5.159055299214529,344.48371788343536,5.8449455158553825,3,3,1.3862943611198906,0.00035528185693983896,0.008671056744725299,0.01860105448482332,0.4,0.007865674861121297,5.9213116739668365e-05,13,-7.3702216,9.825793,5.9826183,1,1,1,0,0,1,1,"[{'feature': 'n_restaurant', 'shap': 1.3456}, {'feature': 'n_bakery', 'shap': 0.571}, {'feature': 'n_pub', 'shap': 0.5047}]","[{'feature': 'n_cafe', 'shap': 1.1409}, {'feature': 'n_pub', 'shap': 0.9559}, {'feature': 'n_bakery', 'shap': 0.6933}]","[{'feature': 'n_restaurant', 'shap': 0.9214}, {'feature': 'nearby_pub', 'shap': 0.8578}, {'feature': 'n_cafe', 'shap': 0.4503}]","[{'feature': 'n_restaurant', 'shap': 0.9731}, {'feature': 'n_cafe', 'shap': 0.7327}, {'feature': 'n_supermarket', 'shap': 0.3802}]","[{'feature': 'n_cafe', 'shap': 0.3385}, {'feature': 'n_restaurant', 'shap': 0.3289}, {'feature': 'property_crime_log1p', 'shap': 0.3117}]","[{'feature': 'n_restaurant', 'shap': 0.7723}, {'feature': 'n_cafe', 'shap': 0.4679}, {'feature': 'property_crime_log1p', 'shap': 0.2982}]",0.9740776,1,True Positive,0.9860744,1,True Positive,0.9625878,1,True Positive,0.959553,1,False Positive (Recommendation),0.79461575,1,False Positive (Recommendation),0.87148595,1,True Positive,True Positive,0.9740776,1,1,False,False,False,False,False,False,,,,Competitive,Viable,,3.0,0.47170556867250923,692.339945340666,51.54328639536463,-0.10414636492819469
89195da4b6bffff,"POLYGON ((-0.1878296509375765 51.504069579045414, -0.1899210306434328 51.50308785944918, -0.1894852185868966 51.50134042921891, -0.1869581836111144 51.500574739004065, -0.1848668980635343 51.501556437922865, -0.1853025533338387 51.50330384773251, -0.1878296509375765 51.504069579045414))",Kensington and Chelsea,1590.2825927734375,2,15,3,0,2,0,0,1,0,0,0,31,42,15,13,3,6,2,21,0,0,57.073170731707314,31.264163501203516,64.00813008130082,9.593495934959355,9.92886178861788,33,178,87,298,4.477336814478207,5.187385805840755,3.5263605246161616,5.700443573390687,397.251202213136,5.987082967525429,1,2,1.0986122886681098,0.00035528185693983896,0.008412466512825923,0.018514335901774728,0.4,0.007865674861121297,5.9213116739668365e-05,20,-4.6696053,11.019833,5.7231436,1,1,1,0,1,0,1,"[{'feature': 'n_restaurant', 'shap': 1.4654}, {'feature': 'n_pub', 'shap': 0.5111}, {'feature': 'n_gym', 'shap': 0.4198}]","[{'feature': 'n_cafe', 'shap': 1.1399}, {'feature': 'n_pub', 'shap': 1.087}, {'feature': 'population', 'shap': 0.3971}]","[{'feature': 'n_restaurant', 'shap': 1.2813}, {'feature': 'n_cafe', 'shap': 0.4664}, {'feature': 'nearby_pub', 'shap': 0.3289}]","[{'feature': 'n_restaurant', 'shap': 1.2176}, {'feature': 'n_cafe', 'shap': 0.9114}, {'feature': 'violent_crime_log1p', 'shap': 0.747}]","[{'feature': 'property_crime_log1p', 'shap': 0.4338}, {'feature': 'n_restaurant', 'shap': 0.3991}, {'feature': 'n_cafe', 'shap': 0.3459}]","[{'feature': 'n_restaurant', 'shap': 1.13}, {'feature': 'n_cafe', 'shap': 0.5095}, {'feature': 'property_crime_log1p', 'shap': 0.3939}]",0.9682889,1,True Positive,0.98021173,1,True Positive,0.9499026,1,True Positive,0.95907086,1,False Positive (Recommendation),0.85574645,1,Expansion Opportunity,0.9030088,1,False Positive (Recommendation),True Positive,0.9682889,1,1,False,False,False,False,True,False,,,,Competitive,,Competitive,2.0,0.6400813008130082,1092.9101506427053,51.502322161186896,-0.18739393231849027
89194ada8a3ffff,"POLYGON ((-0.1771229354472041 51.432956323421905, -0.1792117090574465 51.43197358208954, -0.1787768052932077 51.43022522218235, -0.1762532843037027 51.42945962410498, -0.174164604659596 51.43044234478835, -0.1745993520392371 51.43219068419666, -0.1771229354472041 51.432956323421905))",Wandsworth,877.6036376953125,2,3,0,0,0,0,0,0,0,0,0,12,29,10,11,7,2,2,3,0,0,60.08629989212515,33.57717255795437,48.559773423932675,12.944983818770233,19.179649621030038,23,55,42,120,3.7612001156935624,4.02535169073515,3.1780538303479458,4.795790545596741,699.9349156052839,6.552415037653298,1,2,1.0986122886681098,0.00035528185693983896,0.006754714009565002,0.01698445896785027,0.4,0.007865674861121297,5.9213116739668365e-05,10,-1.3460724,0.48629302,-1.5719696,1,1,0,0,0,0,1,"[{'feature': 'n_restaurant', 'shap': 1.5169}, {'feature': 'n_fast_food', 'shap': -0.3457}, {'feature': 'property_crime_log1p', 'shap': 0.3031}]","[{'feature': 'n_cafe', 'shap': 1.3716}, {'feature': 'n_fast_food', 'shap': -0.3668}, {'feature': 'node2vec_dim1', 'shap': -0.3411}]","[{'feature': 'n_restaurant', 'shap': 0.8478}, {'feature': 'n_cafe', 'shap': 0.4373}, {'feature': 'no_qualifications_perc', 'shap': -0.3051}]","[{'feature': 'n_restaurant', 'shap': 1.203}, {'feature': 'n_cafe', 'shap': 1.033}, {'feature': 'node2vec_dim1', 'shap': 0.363}]","[{'feature': 'nearby_gym', 'shap': 0.3119}, {'feature': 'n_restaurant', 'shap': 0.3115}, {'feature': 'n_cafe', 'shap': 0.2643}]","[{'feature': 'n_restaurant', 'shap': 0.8953}, {'feature': 'n_cafe', 'shap': 0.5589}, {'feature': 'n_fast_food', 'shap': -0.2784}]",0.82207614,1,Expansion Opportunity,0.7972393,1,True Positive,0.77362925,1,False Positive (Recommendation),0.9582175,1,False Positive (Recommendation),0.70860755,1,False Positive (Recommendation),0.7565414,0,True Negative,Expansion Opportunity,0.82207614,1,1,True,False,False,False,False,False,,,Competitive,Competitive,Competitive,,3.0,0.48559773423932673,411.1623380250347,51.43120797591186,-0.1766881249189685
89194ad3383ffff,"POLYGON ((-0.0820049035824136 51.5010195060213, -0.0840960871968356 51.500040059761524, -0.0836639279975582 51.498292991218, -0.0811407418301492 51.49752538956149, -0.0790496527752623 51.49850481531574, -0.0794816553286658 51.50025186323062, -0.0820049035824136 51.5010195060213))",Southwark,2290.414306640625,5,17,4,0,1,2,0,1,0,0,0,36,53,64,50,7,5,5,23,0,2,77.89922687283394,51.051793635618694,76.75131768600913,4.718741668888297,5.867274479491008,23,113,28,164,3.367295829986474,4.736198448394496,3.1780538303479458,5.10594547390058,670.9669708028224,6.510209188724182,2,3,1.3862943611198906,0.00035528185693983896,0.008689308577843764,0.019064156156746566,0.4,0.007865674861121297,5.9213116739668365e-05,23,-10.609066,7.1314783,4.5006127,1,1,1,0,1,1,1,"[{'feature': 'n_restaurant', 'shap': 1.3749}, {'feature': 'n_bakery', 'shap': 0.615}, {'feature': 'n_pub', 'shap': 0.5106}]","[{'feature': 'n_cafe', 'shap': 1.4346}, {'feature': 'n_pub', 'shap': 1.0355}, {'feature': 'n_bakery', 'shap': 0.6055}]","[{'feature': 'n_restaurant', 'shap': 1.3995}, {'feature': 'nearby_pub', 'shap': 0.8677}, {'feature': 'n_cafe', 'shap': 0.8009}]","[{'feature': 'n_restaurant', 'shap': 1.3156}, {'feature': 'n_cafe', 'shap': 0.9866}, {'feature': 'n_pub', 'shap': 0.3976}]","[{'feature': 'n_cafe', 'shap': 0.5453}, {'feature': 'n_restaurant', 'shap': 0.4069}, {'feature': 'property_crime_log1p', 'shap': 0.406}]","[{'feature': 'n_restaurant', 'shap': 1.2442}, {'feature': 'n_cafe', 'shap': 0.9811}, {'feature': 'n_fast_food', 'shap': -0.3185}]",0.9741154,1,True Positive,0.9863594,1,True Positive,0.9890407,1,True Positive,0.95803195,1,False Positive (Recommendation),0.9305526,1,True Positive,0.913318,1,True Positive,True Positive,0.9741154,1,1,False,False,False,False,False,False,,,,Competitive,,,2.0,0.7675131768600914,1797.9231608155494,51.49927244997206,-0.08157283793159406
89194ad2937ffff,"POLYGON ((0.06597986429951 51.42029499397956, 0.063891769233517 51.41931737636854, 0.0643182515301941 51.41756978658235, 0.0668326728651788 51.41679983538636, 0.0689206730689181 51.41777743274481, 0.0684943467994525 51.41952500155042, 0.06597986429951 51.42029499397956))",Bromley,649.0593872070312,4,5,1,0,0,0,1,0,0,0,0,0,3,2,0,1,0,4,6,0,1,66.74008810572687,21.800824986423393,44.96908026721266,17.621145374449306,13.956278050092054,17,32,23,72,3.1780538303479458,3.4965075614664802,2.8903717578961645,4.290459441148391,1525.2541311847751,7.330571732176223,0,3,1.3862943611198906,0.00035528185693983896,0.004982425529424583,0.014811657104975968,0.4,0.007865674861121297,5.9213116739668365e-05,16,-7.165896,2.5522556,-10.2919,1,1,1,0,0,0,1,"[{'feature': 'n_restaurant', 'shap': 1.7196}, {'feature': 'n_supermarket', 'shap': 0.7904}, {'feature': 'n_pub', 'shap': 0.6513}]","[{'feature': 'n_cafe', 'shap': 1.5522}, {'feature': 'n_pub', 'shap': 0.4973}, {'feature': 'n_supermarket', 'shap': 0.4426}]","[{'feature': 'n_restaurant', 'shap': 1.1242}, {'feature': 'n_cafe', 'shap': 0.806}, {'feature': 'bus_stop_count_log', 'shap': 0.2321}]","[{'feature': 'n_restaurant', 'shap': 1.1357}, {'feature': 'n_cafe', 'shap': 0.9603}, {'feature': 'n_supermarket', 'shap': 0.4295}]","[{'feature': 'n_cafe', 'shap': 0.6356}, {'feature': 'n_restaurant', 'shap': 0.4007}, {'feature': 'dist_to_nearest_station_log', 'shap': -0.3515}]","[{'feature': 'n_restaurant', 'shap': 1.0951}, {'feature': 'n_cafe', 'shap': 0.8856}, {'feature': 'n_fast_food', 'shap': -0.3906}]",0.90790397,1,Expansion Opportunity,0.91419446,1,Expansion Opportunity,0.90239674,1,Expansion Opportunity,0.9577766,1,False Positive (Recommendation),0.5521213,0,True Negative,0.72242445,0,True Negative,Expansion Opportunity,0.90790397,1,1,True,True,True,False,False,False,,,,Prime Location,,,2.0,0.44969080267212663,261.87603681500855,51.41854741687287,0.06640625312623659
